mean,std,dark,bright,colored,red,green,blue,horizontal_var,vertical_var,texture_v,texture_h,modality,query_id
0.0986919030547142,0.1579359471797943,0.8386080994897959,0.0008769132653061,0.0,0.0986919030547142,0.0986919030547142,0.0986919030547142,0.1403788477182388,0.0222099032253026,0.0215796176344156,0.0120886238291859,MRI,OMNI_001026
0.3378117680549621,0.1477393358945846,0.1288576190422926,0.0,0.6206641983870427,0.2626026570796966,0.3435685336589813,0.5054285526275635,0.0707044154405593,0.0801344662904739,0.0292368084192276,0.0308727789670228,Fundus,OMNI_003077
0.4229823648929596,0.2755215466022491,0.0,0.1839724170918367,0.0,0.4229823648929596,0.4229823648929596,0.4229823648929596,0.1353494226932525,0.1106168776750564,0.0491459257900714,0.0385064594447612,CT,OMNI_000090
0.4408987462520599,0.0837374031543731,1.1185557208532345e-05,0.0003131956018389,0.6983478932002998,0.3246440291404724,0.4616352021694183,0.6390379667282104,0.0291087813675403,0.03205281868577,0.0299650635570287,0.0286206007003784,Fundus,OMNI_003011
0.447074145078659,0.25809246301651,0.1829637303273459,0.0424326491434457,0.7984536957374209,0.56296706199646,0.4029055535793304,0.3705388903617859,0.0800064206123352,0.1037742272019386,0.0262064132839441,0.0296119395643472,Dermatology,OMNI_004016
0.4584552943706512,0.2848376631736755,0.0,0.1733298788265306,0.0,0.4584552645683288,0.4584552645683288,0.4584552645683288,0.2200912237167358,0.0641948878765106,0.0661128833889961,0.061176374554634,CT,OMNI_000034
0.2290887087583542,0.1880854666233062,0.3270645141601562,0.0083122253417968,0.6675300598144531,0.3076003789901733,0.21061372756958,0.1182977855205535,0.0686663836240768,0.1392803490161895,0.0078295990824699,0.0071423887275159,Fundus,OMNI_003048
0.6229130625724792,0.0664899721741676,0.0,0.0,0.838825925925926,0.742525041103363,0.5551611185073853,0.6580570340156555,0.029162248596549,0.0453628338873386,0.0070992205291986,0.0064926599152386,Dermatology,OMNI_004079
0.1806013137102127,0.126955047249794,0.3947305484693877,0.0008569834183673,0.0,0.1806013137102127,0.1806013137102127,0.1806013137102127,0.0364407040178775,0.075374461710453,0.0141746280714869,0.0184330698102712,MRI,OMNI_001058
0.2360522449016571,0.1132813170552253,0.0966426666666666,0.00044,0.0,0.2360522449016571,0.2360522449016571,0.2360522449016571,0.0702985525131225,0.0098180277273058,0.0250424202531576,0.024949649348855,OCT,OMNI_006099
0.7917090058326721,0.0838215723633766,0.0,0.2646405833333333,0.997621125,0.9235360026359558,0.731164276599884,0.7577053904533386,0.0298845414072275,0.0625097602605819,0.0026081234682351,0.0024516452103853,Dermatology,OMNI_004093
0.1361050754785537,0.1386509090662002,0.5772480867346939,0.0013751594387755,0.0,0.1361050754785537,0.1361050754785537,0.1361050754785537,0.0533259734511375,0.0758239477872848,0.0238261688500642,0.0182558801025152,Ultrasound,OMNI_007097
0.6450657248497009,0.170922964811325,0.0,0.2476521739130434,0.6888105590062111,0.8108644485473633,0.5489515662193298,0.7051109075546265,0.0653105154633522,0.0773300975561142,0.0199202820658683,0.0231189988553524,Microscopy,OMNI_005079
0.220803901553154,0.1964510977268219,0.4082897555443548,0.0273988785282258,0.0,0.220803901553154,0.220803901553154,0.220803901553154,0.1630822867155075,0.0150422379374504,0.0457629300653934,0.061529915779829,OCT,OMNI_006091
0.2171688228845596,0.273163378238678,0.6209869384765625,0.0917778015136718,0.0,0.2171688228845596,0.2171688228845596,0.2171688228845596,0.233346477150917,0.0482624731957912,0.0193323921412229,0.0258542746305465,OCT,OMNI_006022
0.5200851559638977,0.0170423947274684,0.0,0.0,0.0,0.5200851559638977,0.5200851559638977,0.5200851559638977,0.0053285858593881,0.0052775219082832,0.0039399028755724,0.00393001222983,Microscopy,OMNI_005077
0.2845987975597381,0.2837465703487396,0.5090680803571429,0.0290776466836734,0.0,0.2845987975597381,0.2845987975597381,0.2845987975597381,0.1072797775268554,0.1828843504190445,0.0379953756928443,0.0458699986338615,MRI,OMNI_001009
0.1863084286451339,0.1191194877028465,0.2487144470214843,0.0002581278483072,0.7562306722005209,0.3412485122680664,0.140975147485733,0.0133571056649088,0.0368313491344451,0.0906145870685577,0.004353430122137,0.0043107564561069,Fundus,OMNI_003095
0.3032086491584778,0.2380087822675705,0.2956393494897959,0.0266661352040816,0.0,0.3032086491584778,0.3032086491584778,0.3032086491584778,0.1575027555227279,0.0995340272784233,0.0299794487655162,0.0354568660259246,Ultrasound,OMNI_007056
0.07741479575634,0.1306453496217727,0.7735969387755102,0.0013352997448979,0.0,0.0774148032069206,0.0774148032069206,0.0774148032069206,0.0608296431601047,0.0571244731545448,0.0149228759109973,0.0124569786712527,Ultrasound,OMNI_007059
0.5849337577819824,0.1749788671731948,0.0394027071676965,0.0,0.0,0.5849337577819824,0.5849337577819824,0.5849337577819824,0.1515552848577499,0.0478175729513168,0.0073963738977909,0.006208200007677,X-ray,OMNI_002073
0.1458668857812881,0.1535540968179702,0.6543006896972656,0.0032386779785156,0.0,0.1458668857812881,0.1458668857812881,0.1458668857812881,0.1235372200608253,0.0175301767885684,0.0286511722952127,0.0362978018820285,OCT,OMNI_006061
0.5539014339447021,0.2478307038545608,0.1231432228838355,0.0001251219136594,0.0,0.5539014339447021,0.5539014339447021,0.5539014339447021,0.0619637295603752,0.2134635150432586,0.0064091240055859,0.0064498586580157,X-ray,OMNI_002058
0.5224268436431885,0.1132194697856903,0.016286171295623,0.0076173644590105,0.5310566995894901,0.474834680557251,0.531993567943573,0.5979915261268616,0.0191538371145725,0.0603715479373931,0.0258768592029809,0.0307261645793914,Fundus,OMNI_003020
0.6045442223548889,0.258072555065155,0.0,0.2439684013500169,0.0,0.6045442223548889,0.6045442223548889,0.6045442223548889,0.1415538936853408,0.1312972158193588,0.0135572664439678,0.015967421233654,CT,OMNI_000057
0.368980199098587,0.2155892252922058,0.2061878123710394,0.0046368471731853,0.7920353982300885,0.4762356579303741,0.33477583527565,0.263792484998703,0.1590142697095871,0.0488325580954551,0.0393724553287029,0.0200143083930015,Dermatology,OMNI_004027
0.52740079164505,0.0759333670139312,0.0,0.0034787082918535,0.6861220791713739,0.4451098144054413,0.5432242155075073,0.6617572903633118,0.0187110416591167,0.0346410535275936,0.0251912176609039,0.0264207869768142,Fundus,OMNI_003084
0.2996876835823059,0.25617715716362,0.3916812818877551,0.000617825255102,0.0,0.2996876835823059,0.2996876835823059,0.2996876835823059,0.1148571670055389,0.1340802460908889,0.03943432867527,0.0403187870979309,MRI,OMNI_001077
0.2330083847045898,0.2054180204868316,0.4013472576530612,0.0075534119897959,0.0,0.2330083847045898,0.2330083847045898,0.2330083847045898,0.1161192208528518,0.0822117775678634,0.0323492549359798,0.0391948036849498,Ultrasound,OMNI_007068
0.3606058359146118,0.1410767883062362,0.0721021017661994,0.0009395868055167,0.6153063164841557,0.2817486226558685,0.3677661716938019,0.5305635929107666,0.0662965402007103,0.0663715749979019,0.0305098928511142,0.0319396555423736,Fundus,OMNI_003072
0.5487638115882874,0.3195032179355621,0.2565628431551977,0.0236791384516837,0.4901314284407028,0.6065147519111633,0.5360111594200134,0.462959349155426,0.0770105198025703,0.2737711369991302,0.0030700154602527,0.0039426223374903,Fundus,OMNI_003058
0.2479994148015976,0.289568156003952,0.4794528099798387,0.1121104250672043,0.0,0.2479994148015976,0.2479994148015976,0.2479994148015976,0.2670471370220184,0.0367759391665458,0.0433912985026836,0.0516870357096195,OCT,OMNI_006066
0.5844178199768066,0.0655978471040725,0.003580093383789,0.0,0.0096187591552734,0.5860059857368469,0.5842318534851074,0.5812100172042847,0.0248624049127101,0.0304997991770505,0.0039164386689662,0.0044755130074918,Dermatology,OMNI_004036
0.7398762702941895,0.1755193918943405,0.0006377551020408,0.3379703443877551,0.3747409119897959,0.817210853099823,0.688227117061615,0.8029897809028625,0.0369599908590316,0.0586272329092025,0.0425318107008934,0.050074003636837,Microscopy,OMNI_005031
0.0446374602615833,0.0821907296776771,0.7765086419753087,0.0,0.2282814814814814,0.0661502182483673,0.0281035304069519,0.0733488872647285,0.0429901629686355,0.0433295518159866,0.0016545113176107,0.0016410968964919,Microscopy,OMNI_005050
0.681187093257904,0.2307929843664169,0.0,0.3197146045918367,0.5774075255102041,0.7693801522254944,0.6222196817398071,0.7535040974617004,0.0526425652205944,0.1074554100632667,0.0301284100860357,0.0319071896374225,Microscopy,OMNI_005078
0.1229476183652877,0.1371038109064102,0.6760602678571429,0.001773756377551,0.0,0.1229476183652877,0.1229476183652877,0.1229476183652877,0.077611893415451,0.0517806373536586,0.0203558579087257,0.0153299327939748,Ultrasound,OMNI_007053
0.3025935888290405,0.1878140270709991,0.3336957160486572,0.000396662161368,0.0,0.3025935888290405,0.3025935888290405,0.3025935888290405,0.0447662658989429,0.1133269146084785,0.0147702731192111,0.0145111801102757,CT,OMNI_000095
0.164494439959526,0.1458630263805389,0.5239191188558278,0.0,0.0,0.164494439959526,0.164494439959526,0.164494439959526,0.0143636045977473,0.1120717003941536,0.0110680172219872,0.017245365306735,X-ray,OMNI_002071
0.355339914560318,0.1163105741143226,0.001078125,0.0010625,0.0,0.355339914560318,0.355339914560318,0.355339914560318,0.0968961343169212,0.0067720939405262,0.0182588696479797,0.0189498923718929,OCT,OMNI_006031
0.1430783867835998,0.1503281742334365,0.6668268019153226,0.0011629494287634,0.0,0.1430783867835998,0.1430783867835998,0.1430783867835998,0.1040110290050506,0.0198997892439365,0.0271605160087347,0.0343987382948398,OCT,OMNI_006018
0.4712384343147278,0.3503289818763733,0.212352519132653,0.2102997448979592,0.0,0.4712384343147278,0.4712384343147278,0.4712384343147278,0.1995124667882919,0.1226354911923408,0.0292805023491382,0.0226674079895019,CT,OMNI_000019
0.488381564617157,0.1030698493123054,0.0,0.0,0.0,0.4883815050125122,0.4883815050125122,0.4883815050125122,0.0323893353343009,0.0349835194647312,0.0165876932442188,0.0181197226047515,X-ray,OMNI_002070
0.3949555158615112,0.2610180675983429,0.2705707550048828,5.7220458984375e-06,0.6933174133300781,0.5188825726509094,0.348631203174591,0.3084484040737152,0.1324828714132309,0.1792364716529846,0.0056228470057249,0.0054451148025691,Dermatology,OMNI_004088
0.5927340984344482,0.0779209807515144,0.0001532083333333,1.35e-05,0.3895259166666667,0.6937552690505981,0.5438646674156189,0.5794103145599365,0.0269038323312997,0.0634713545441627,0.0039464649744331,0.0037971776910126,Dermatology,OMNI_004031
0.1757178008556366,0.2720990777015686,0.6755221619897959,0.0295958227040816,0.0,0.1757178008556366,0.1757178008556366,0.1757178008556366,0.1631613969802856,0.1119082644581794,0.0662775859236717,0.0490802116692066,CT,OMNI_000031
0.1553387343883514,0.1434198319911956,0.747872,0.0004506666666666,0.0,0.1553387343883514,0.1553387343883514,0.1553387343883514,0.1035002544522285,0.0138450684025883,0.0262454133480787,0.0211865771561861,OCT,OMNI_006079
0.1599371135234832,0.1774647086858749,0.5225007971938775,0.0020527742346938,0.0,0.1599371135234832,0.1599371135234832,0.1599371135234832,0.0527746118605136,0.1161552518606185,0.0241102837026119,0.0194450188428163,Ultrasound,OMNI_007040
0.0989767089486122,0.2074523866176605,0.7891222895408163,0.0121372767857142,0.0,0.0989767089486122,0.0989767089486122,0.0989767089486122,0.073575384914875,0.1240391358733177,0.0170127246528863,0.0192586462944746,MRI,OMNI_001007
0.290650337934494,0.2181004881858825,0.3081154336734694,0.0105030293367346,0.0,0.2906503081321716,0.2906503081321716,0.2906503081321716,0.0818274319171905,0.0768425017595291,0.0685089081525802,0.0604504235088825,MRI,OMNI_001075
0.3971296548843384,0.3035903573036194,0.3593152104591837,0.0976761798469387,0.0,0.3971296548843384,0.3971296548843384,0.3971296548843384,0.0733442455530166,0.2129431962966919,0.0539589375257492,0.057800430804491,MRI,OMNI_001001
0.3243671953678131,0.2507565021514892,0.3385283801020408,0.0021922831632653,0.0,0.3243671655654907,0.3243671655654907,0.3243671655654907,0.1668033599853515,0.0761205554008483,0.0335804745554924,0.033082190901041,MRI,OMNI_001085
0.5964449644088745,0.2375161349773407,0.0912566374360038,0.0532183997509339,0.0,0.5964449644088745,0.5964449644088745,0.5964449644088745,0.052373357117176,0.2058127522468567,0.0075532617047429,0.0071753561496734,X-ray,OMNI_002080
0.0970415621995925,0.1193018779158592,0.7849388122558594,0.0003509521484375,0.0,0.0970415621995925,0.0970415621995925,0.0970415621995925,0.0921255052089691,0.0126393465325236,0.0209768824279308,0.0294223167002201,OCT,OMNI_006045
0.7827314734458923,0.1787125766277313,0.0055729166666666,0.554296875,0.983994140625,0.9199008941650392,0.7433977723121643,0.6254966855049133,0.1000938564538955,0.1128719672560691,0.0108156269416213,0.0092849805951118,Dermatology,OMNI_004058
0.6100593209266663,0.218932643532753,0.035546043393577,0.1648548262898038,0.6264664583050233,0.683096170425415,0.5915268063545227,0.513924777507782,0.0884372144937515,0.121578000485897,0.0142365461215376,0.0142643004655838,Dermatology,OMNI_004017
0.5253154039382935,0.2434770166873932,0.130035400390625,0.000244140625,0.0,0.5253154039382935,0.5253154039382935,0.5253154039382935,0.1850379705429077,0.1127198189496994,0.0066065331920981,0.0073824366554617,X-ray,OMNI_002046
0.5779136419296265,0.1374778002500534,0.0040197372436523,0.0401163101196289,0.3371200561523437,0.6580013036727905,0.5444474220275879,0.540181040763855,0.0819650292396545,0.0395325124263763,0.0078590540215373,0.0073267198167741,Dermatology,OMNI_004092
0.2419764697551727,0.2997257113456726,0.6177597045898438,0.1117973327636718,0.0,0.2419764697551727,0.2419764697551727,0.2419764697551727,0.2154729813337326,0.151083156466484,0.0200778786092996,0.0245993621647357,OCT,OMNI_006065
0.6357866525650024,0.289143443107605,0.1659244791666666,0.0087369791666666,0.08890625,0.6557559967041016,0.6234582662582397,0.6468909978866577,0.1685366928577423,0.195740595459938,0.0091524431481957,0.0083865066990256,Microscopy,OMNI_005100
0.1920388787984848,0.1333482414484024,0.4468373333333333,0.000944,0.0,0.1920388787984848,0.1920388787984848,0.1920388787984848,0.0851933434605598,0.0140588572248816,0.0233799889683723,0.0203672759234905,OCT,OMNI_006082
0.1854167133569717,0.1109493896365165,0.1997057896780906,0.0023270277796097,0.4889579532048041,0.2553321123123169,0.1673869043588638,0.0948797911405563,0.0616926997900009,0.0556422732770442,0.0030181680340319,0.0030329753644764,Fundus,OMNI_003079
0.4446514248847961,0.1095184832811355,0.0006487623180948,0.0031878838044317,0.4925895683493473,0.3999839127063751,0.4507503807544708,0.5304011106491089,0.0227219555526971,0.0321254916489124,0.0334599986672401,0.0321128740906715,Fundus,OMNI_003063
0.106071189045906,0.1457108110189438,0.7153818558673469,3.985969387755102e-05,0.0,0.106071189045906,0.106071189045906,0.106071189045906,0.0714000239968299,0.0592068806290626,0.0130166532471776,0.0118553033098578,MRI,OMNI_001084
0.5252251625061035,0.1799735873937606,0.0,0.0807158801020408,0.8873764349489796,0.6729965209960938,0.431299090385437,0.6212864518165588,0.0264792945235967,0.0500684380531311,0.0290176812559366,0.0419977791607379,Microscopy,OMNI_005015
0.0870705395936966,0.1009161174297332,0.7518335459183674,0.000259088010204,0.0,0.0870705395936966,0.0870705395936966,0.0870705395936966,0.0281145833432674,0.063728779554367,0.0224889628589153,0.0221969187259674,MRI,OMNI_001070
0.2163084894418716,0.1912194490432739,0.366512055961865,0.0,0.563219572368421,0.2681518793106079,0.2113915532827377,0.1056511327624321,0.1037184819579124,0.1234441697597503,0.0037792960647493,0.0041106543503701,Fundus,OMNI_003043
0.3269996345043182,0.1371220648288726,0.0426840863077594,0.0,0.6747687386047136,0.265545904636383,0.3247125446796417,0.4999572336673736,0.0654406249523162,0.0825358629226684,0.0269609969109296,0.0268267318606376,Fundus,OMNI_003081
0.1116053536534309,0.1530051231384277,0.6999362244897959,0.0038066007653061,0.0,0.1116053536534309,0.1116053536534309,0.1116053536534309,0.0516738630831241,0.083814300596714,0.023313283920288,0.0191915240138769,Ultrasound,OMNI_007051
0.5829994678497314,0.1746564358472824,0.0368833541870117,0.0,0.1489028930664062,0.6143872141838074,0.5712599158287048,0.5611234903335571,0.0882001370191574,0.0820847898721695,0.0056884004734456,0.0056430925615131,Dermatology,OMNI_004085
0.0441434383392334,0.1107640117406845,0.8795440051020408,0.0012755102040816,0.0,0.0441434383392334,0.0441434383392334,0.0441434383392334,0.0402130410075187,0.0522041171789169,0.014241044409573,0.0135515984147787,Ultrasound,OMNI_007100
0.5117877125740051,0.3050027787685394,0.0,0.2466916454081632,0.0,0.5117877125740051,0.5117877125740051,0.5117877125740051,0.193698763847351,0.1552413403987884,0.068262867629528,0.0577894411981105,CT,OMNI_000008
0.1443096846342086,0.1406396031379699,0.5827865224753694,0.0,0.0,0.1443096995353698,0.1443096995353698,0.1443096995353698,0.0507391020655632,0.110909380018711,0.0069477958604693,0.0086891800165176,X-ray,OMNI_002004
0.0904220268130302,0.1561772227287292,0.7871492346938775,0.0001594387755102,0.0,0.0904220268130302,0.0904220268130302,0.0904220268130302,0.1099977195262909,0.0421251356601715,0.0257852245122194,0.0179482102394104,MRI,OMNI_001080
0.659804105758667,0.2380112409591674,0.1067447916666666,0.035234375,0.0968359375,0.6870630979537964,0.6410114765167236,0.6850749850273132,0.1265396922826767,0.1000202819705009,0.0116233425214886,0.0111312260851264,Microscopy,OMNI_005073
0.1622475385665893,0.1464041024446487,0.4984590263776882,0.0011708249327956,0.0,0.1622475385665893,0.1622475385665893,0.1622475385665893,0.0856626704335212,0.0125597491860389,0.0650841370224952,0.0836706832051277,OCT,OMNI_006023
0.172615110874176,0.1724836379289627,0.5071299563172043,0.0022340179771505,0.0,0.172615110874176,0.172615110874176,0.172615110874176,0.0843082666397094,0.0545909740030765,0.0457556471228599,0.0581644289195537,OCT,OMNI_006033
0.0649054944515228,0.1235105022788047,0.8787069515306123,0.0011160714285714,0.0,0.0649054944515228,0.0649054944515228,0.0649054944515228,0.0631351172924041,0.0432947240769863,0.0094074625521898,0.0098451375961303,MRI,OMNI_001066
0.2201645970344543,0.1897678673267364,0.3901569336065038,0.0,0.6456107360911584,0.3149897456169128,0.1949091255664825,0.1014999896287918,0.1151200011372566,0.1211832240223884,0.0043027997016906,0.0047062914818525,Fundus,OMNI_003062
0.6252991557121277,0.1277232319116592,0.0027538333333333,0.0266004166666666,0.961164,0.8140528202056885,0.5430523157119751,0.553733766078949,0.0333429686725139,0.090640477836132,0.0067885150201618,0.0090462053194642,Dermatology,OMNI_004015
0.094752125442028,0.138709545135498,0.6987404336734694,0.0013153698979591,0.0,0.0947521179914474,0.0947521179914474,0.0947521179914474,0.0481189526617527,0.0861172825098037,0.012574503198266,0.01149448659271,Ultrasound,OMNI_007087
0.0930486246943473,0.1296584159135818,0.7113958864795918,0.0013352997448979,0.0,0.0930486246943473,0.0930486246943473,0.0930486246943473,0.0365203320980072,0.0699129700660705,0.0168026406317949,0.0168994385749101,Ultrasound,OMNI_007065
0.2065083980560302,0.2206357717514038,0.4673947704081632,0.0079719387755102,0.0,0.2065083980560302,0.2065083980560302,0.2065083980560302,0.0765404552221298,0.1441234946250915,0.0245215017348527,0.0210275594145059,Ultrasound,OMNI_007008
0.120720162987709,0.1542445421218872,0.6047512755102041,0.0014349489795918,0.0,0.120720162987709,0.120720162987709,0.120720162987709,0.0370592437684536,0.1166596189141273,0.0176531821489334,0.0174216665327548,Ultrasound,OMNI_007092
0.721533477306366,0.0537718571722507,0.0,0.0034037267080745,0.4873757763975155,0.8111109137535095,0.659797191619873,0.8044772148132324,0.0061125117354094,0.0360707826912403,0.0140911825001239,0.0124953761696815,Microscopy,OMNI_005075
0.1975078880786895,0.1602613776922226,0.4647295551915322,0.0066744896673387,0.0,0.1975078880786895,0.1975078880786895,0.1975078880786895,0.1285696178674698,0.018482593819499,0.0397223457694053,0.0500374920666217,OCT,OMNI_006052
0.4757212102413177,0.069044105708599,0.0,0.0,0.6983478932002998,0.3351465463638305,0.5081108808517456,0.6776434183120728,0.0168638564646244,0.0269923862069845,0.027109446004033,0.02655247785151,Fundus,OMNI_003083
0.0400787778198719,0.1339332014322281,0.926409897113022,0.0,0.0,0.0400787778198719,0.0400787778198719,0.0400787778198719,0.05076589807868,0.0671440809965133,0.0027329188305884,0.003792115021497,X-ray,OMNI_002082
0.2257664203643798,0.0817653089761734,0.1140276387299771,0.0024760440503432,0.0,0.2257664203643798,0.2257664203643798,0.2257664203643798,0.0523195378482341,0.0259071327745914,0.0055876807309687,0.0039111375808715,X-ray,OMNI_002083
0.2256394177675247,0.1342643350362777,0.2855747767857143,1.992984693877551e-05,0.0,0.2256394177675247,0.2256394177675247,0.2256394177675247,0.0830575823783874,0.0455861203372478,0.0239240657538175,0.0201194714754819,MRI,OMNI_001044
0.4365014135837555,0.2861800193786621,0.0,0.1894730548469387,0.0,0.4365014135837555,0.4365014135837555,0.4365014135837555,0.1500296890735626,0.0966806635260582,0.0456453934311866,0.0325256586074829,CT,OMNI_000094
0.1740785241127014,0.2035753279924392,0.6698116179435484,0.0356681577620967,0.0,0.1740785241127014,0.1740785241127014,0.1740785241127014,0.1173022165894508,0.0395526178181171,0.0216781627386808,0.0271264780312776,OCT,OMNI_006019
0.4902557134628296,0.0237422194331884,0.0,0.0,0.0,0.4902557134628296,0.4902557134628296,0.4902557134628296,0.0067425798624753,0.0072817946784198,0.0059530371800065,0.00584327429533,Microscopy,OMNI_005012
0.6717137694358826,0.1782197505235672,0.0018271504372716,0.1900971840387378,0.695951984975506,0.7798523902893066,0.6356208324432373,0.5739341974258423,0.1077934578061103,0.1048002615571022,0.0135159958153963,0.014707563444972,Dermatology,OMNI_004065
0.4650816023349762,0.2469474524259567,0.1550118553229698,0.0118044643358213,0.0,0.4650816023349762,0.4650816023349762,0.4650816023349762,0.0529843084514141,0.2102587819099426,0.0101030198857188,0.0094962269067764,X-ray,OMNI_002084
0.4953060448169708,0.0237100813537836,0.0,0.0,0.0,0.4953060448169708,0.4953060448169708,0.4953060448169708,0.004286843817681,0.0116036804392933,0.004525632597506,0.0053258193656802,Microscopy,OMNI_005027
0.2555946409702301,0.2592312097549438,0.5079708841094155,0.0013960511114837,0.4931181522164458,0.4339488744735718,0.2021420150995254,0.0630401894450187,0.0954798534512519,0.2015786617994308,0.0021579621825367,0.0021860769484192,Fundus,OMNI_003050
0.235253095626831,0.1918054223060608,0.3369496663411458,0.0004781087239583,0.6652119954427084,0.3711101710796356,0.1944165229797363,0.0891986191272735,0.0568880513310432,0.1397039741277694,0.0079371985048055,0.0076698125340044,Fundus,OMNI_003003
0.42942875623703,0.1052076742053031,0.0,0.0034339660630194,0.6132817306294113,0.3565272688865661,0.4443383812904358,0.5438633561134338,0.0338428653776645,0.0599558986723423,0.020230259746313,0.0217247176915407,Fundus,OMNI_003047
0.1485526412725448,0.0892310589551925,0.7472986666666667,0.0003573333333333,0.0,0.1485526412725448,0.1485526412725448,0.1485526412725448,0.053997341543436,0.0105844624340534,0.0175700224936008,0.0158884581178426,OCT,OMNI_006004
0.14433653652668,0.1536271870136261,0.6951129872311828,0.0017903645833333,0.0,0.14433653652668,0.14433653652668,0.14433653652668,0.1103351563215255,0.0242821164429187,0.0238519888371229,0.0303557403385639,OCT,OMNI_006078
0.4776414632797241,0.0931654870510101,0.0026106770833333,0.0,0.9780794270833332,0.6997413635253906,0.4045585691928863,0.2714289426803589,0.0495354495942592,0.0478843711316585,0.0111760143190622,0.0096336007118225,Dermatology,OMNI_004059
0.132275179028511,0.1769008338451385,0.6359813456632653,0.0052415497448979,0.0,0.132275179028511,0.132275179028511,0.132275179028511,0.0883153304457664,0.0718926712870597,0.0278753880411386,0.0337684974074363,Ultrasound,OMNI_007049
0.6463111639022827,0.1663334518671035,0.0,0.0866880961645994,0.799806415115317,0.7718989849090576,0.5937403440475464,0.5876120328903198,0.0458263717591762,0.1332631558179855,0.0116233443841338,0.0126185165718197,Dermatology,OMNI_004002
0.2888275980949402,0.2432962507009506,0.2642940398185484,0.0769554876512096,0.0,0.2888275980949402,0.2888275980949402,0.2888275980949402,0.2088591009378433,0.043708648532629,0.045289073139429,0.0514119155704975,OCT,OMNI_006070
0.57131028175354,0.0680319815874099,0.000244140625,0.0,1.0,0.2986229956150055,0.739175021648407,0.4221605658531189,0.0159351136535406,0.0185689628124237,0.0119939520955085,0.0127194197848439,Microscopy,OMNI_005048
0.2033880949020385,0.3193268477916717,0.6913863201530612,0.0407166772959183,0.0,0.2033880949020385,0.2033880949020385,0.2033880949020385,0.1939582973718643,0.1442483365535736,0.0377970710396766,0.0299856457859277,CT,OMNI_000040
0.5444516539573669,0.1300036311149597,0.0020602906094122,0.0038711776187378,0.785518325742789,0.6748826503753662,0.4923042356967926,0.47086963057518,0.0512847192585468,0.0540877804160118,0.0282256733626127,0.0335046909749507,Dermatology,OMNI_004076
0.135844886302948,0.1770474761724472,0.7097217793367347,0.0041055484693877,0.0,0.135844886302948,0.135844886302948,0.135844886302948,0.0966444239020347,0.0625753253698349,0.0369053892791271,0.0315958261489868,CT,OMNI_000025
0.208044484257698,0.1261497437953949,0.355664,0.00236,0.0,0.208044484257698,0.208044484257698,0.208044484257698,0.0924327969551086,0.0106660006567835,0.0258016362786293,0.0226585417985916,OCT,OMNI_006044
0.2733121216297149,0.2759750187397003,0.4252299647177419,0.1023146106350806,0.0,0.2733121216297149,0.2733121216297149,0.2733121216297149,0.2500525414943695,0.0373924747109413,0.028290718793869,0.0314963459968566,OCT,OMNI_006055
0.5487641096115112,0.3001537621021271,0.0,0.2567960778061224,0.0,0.5487641096115112,0.5487641096115112,0.5487641096115112,0.2004015296697616,0.1364990919828415,0.0666939839720726,0.0573717094957828,CT,OMNI_000082
0.1504809111356735,0.1245694160461425,0.7569706666666667,0.000368,0.0,0.1504809111356735,0.1504809111356735,0.1504809111356735,0.054075252264738,0.0156494174152612,0.0265490673482418,0.0270513910800218,OCT,OMNI_006001
0.4897471964359283,0.1178207248449325,0.003188775510204,0.0,0.0,0.4897471964359283,0.4897471964359283,0.4897471964359283,0.0223484095185995,0.1075814068317413,0.0072091962210834,0.0091287642717361,X-ray,OMNI_002009
0.5383145213127136,0.156709611415863,3.0517578125e-05,0.0093231201171875,0.0,0.5383145213127136,0.5383145213127136,0.5383145213127136,0.0821162536740303,0.0664500594139099,0.0112220058217644,0.0140760764479637,X-ray,OMNI_002014
0.5997337698936462,0.2385919094085693,0.0,0.1948740433673469,0.0,0.5997337698936462,0.5997337698936462,0.5997337698936462,0.1092298403382301,0.1413779705762863,0.0212101638317108,0.0323463454842567,MRI,OMNI_001037
0.1158768236637115,0.2372825145721435,0.7872887436224489,0.0199298469387755,0.0,0.1158768236637115,0.1158768236637115,0.1158768236637115,0.131890669465065,0.0949005484580993,0.034219991415739,0.0233838595449924,CT,OMNI_000100
0.2300975173711776,0.1301151663064956,0.3035116390306122,0.0021524234693877,0.0,0.2300975173711776,0.2300975173711776,0.2300975173711776,0.0345159992575645,0.0875787213444709,0.0188826769590377,0.02070246450603,MRI,OMNI_001094
0.1355040371417999,0.1155293136835098,0.77488,0.0006666666666666,0.0,0.1355040371417999,0.1355040371417999,0.1355040371417999,0.040279846638441,0.0158779919147491,0.0229932945221662,0.0223716404289007,OCT,OMNI_006009
0.4090666770935058,0.2818516790866852,0.0,0.2104392538265306,0.0,0.4090666770935058,0.4090666770935058,0.4090666770935058,0.1722911298274994,0.0631105974316597,0.0408728867769241,0.0274132974445819,CT,OMNI_000014
0.3050012290477752,0.258618414402008,0.3161670918367347,0.0060188137755102,0.0,0.3050012290477752,0.3050012290477752,0.3050012290477752,0.0913088247179985,0.1836079806089401,0.0306427516043186,0.0365589410066604,MRI,OMNI_001024
0.5508444905281067,0.1456478685140609,0.0,0.0268255739795918,0.9727359693877552,0.7070603370666504,0.4523278176784515,0.6483945846557617,0.0442482084035873,0.0324772000312805,0.0484336540102958,0.0584890730679035,Microscopy,OMNI_005084
0.1358634829521179,0.1102784425020217,0.8074577487244898,0.0018734056122448,0.0,0.1358634829521179,0.1358634829521179,0.1358634829521179,0.0310386810451746,0.0582337789237499,0.0241870619356632,0.0292514562606811,MRI,OMNI_001078
0.1529331356287002,0.1760382354259491,0.5669044961734694,0.0016342474489795,0.0,0.1529331356287002,0.1529331356287002,0.1529331356287002,0.094647042453289,0.1088570430874824,0.0219122506678104,0.0178083907812833,Ultrasound,OMNI_007064
0.2144957184791565,0.1623714417219162,0.3796635841836734,0.0016541772959183,0.0,0.2144957184791565,0.2144957184791565,0.2144957184791565,0.0969317853450775,0.072314403951168,0.0328790917992591,0.0306814555078744,Ultrasound,OMNI_007005
0.7214212417602539,0.1348043382167816,0.0,0.0010032653808593,0.3042583465576172,0.7631250619888306,0.7095144987106323,0.6733490228652954,0.0814311280846595,0.0693390816450119,0.0055096154101192,0.0054054288193583,Dermatology,OMNI_004038
0.4383516907691955,0.2732416987419128,0.0,0.1829958545918367,0.0,0.4383516907691955,0.4383516907691955,0.4383516907691955,0.1441558748483657,0.1146669760346412,0.0653517618775367,0.0547571182250976,CT,OMNI_000004
0.3052968084812164,0.1484619081020355,0.1712956230914643,0.0,0.5809554702967529,0.2496689707040786,0.3031544089317322,0.4622294008731842,0.0818496420979499,0.0801564455032348,0.0249035991728305,0.0253967866301536,Fundus,OMNI_003040
0.1836683303117752,0.1872207969427108,0.7114556760204082,0.0091477997448979,0.0,0.1836683303117752,0.1836683303117752,0.1836683303117752,0.0365769788622856,0.1348837018013,0.0265480764210224,0.0320346727967262,MRI,OMNI_001002
0.6204557418823242,0.2426663190126419,0.1238411458333333,0.0014583333333333,0.071484375,0.6533482670783997,0.6023385524749756,0.6274725198745728,0.1530331373214721,0.0936453714966774,0.0114182634279131,0.0110074924305081,Microscopy,OMNI_005010
0.6514701247215271,0.2495547384023666,0.11921875,0.0358984375,0.0977604166666666,0.6781027317047119,0.6329445838928223,0.6770080327987671,0.1571109592914581,0.1291035860776901,0.0108829755336046,0.0103563396260142,Microscopy,OMNI_005035
0.1235421523451805,0.1343708038330078,0.5469547193877551,0.0013153698979591,0.0,0.1235421523451805,0.1235421523451805,0.1235421523451805,0.0453298613429069,0.074877806007862,0.0192536208778619,0.0175988562405109,Ultrasound,OMNI_007012
0.0385636314749717,0.0795526728034019,0.8262271604938272,0.0,0.1972395061728395,0.055480670183897,0.0246519669890403,0.0658263862133026,0.0421595126390457,0.0390088260173797,0.0019085959065705,0.0017242230242118,Microscopy,OMNI_005002
0.781635582447052,0.0878774896264076,0.000112079189529,0.1714096034450731,0.108799756908722,0.8533343076705933,0.7349050045013428,0.834204375743866,0.0271326657384634,0.0597924180328846,0.0035477234050631,0.0033054980449378,Dermatology,OMNI_004026
0.3027163743972778,0.2822632491588592,0.4659042358398437,0.0,0.4693546295166015,0.3844739198684692,0.2622523605823517,0.2966363430023193,0.1742378026247024,0.1735561937093734,0.0038688508793711,0.0038504626136273,Dermatology,OMNI_004068
0.477828174829483,0.0253659915179014,0.0,0.0,0.0,0.4778281450271606,0.4778281450271606,0.4778281450271606,0.0091008730232715,0.0076968022622168,0.002771345200017,0.0024565292987972,Microscopy,OMNI_005088
0.1452327817678451,0.1510432660579681,0.4801299426020408,0.0002391581632653,0.0,0.1452327817678451,0.1452327817678451,0.1452327817678451,0.1072622314095497,0.0648292228579521,0.0154540538787841,0.0105250841006636,CT,OMNI_000023
0.1907843053340912,0.2107170671224594,0.4960738201530612,0.0074736926020408,0.0,0.1907843053340912,0.1907843053340912,0.1907843053340912,0.0761320665478706,0.133730262517929,0.0243458040058612,0.0207135323435068,Ultrasound,OMNI_007076
0.4662624597549438,0.2652667164802551,0.1485376358032226,0.066741943359375,0.0,0.4662624597549438,0.4662624597549438,0.4662624597549438,0.1547213792800903,0.110104776918888,0.0077790552750229,0.0078694205731153,X-ray,OMNI_002008
0.2633959352970123,0.175294354557991,0.5443373292755345,0.0023335436460807,0.0,0.2633959352970123,0.2633959352970123,0.2633959352970123,0.0813324749469757,0.075269266963005,0.0094071822240948,0.0107756331562995,X-ray,OMNI_002029
0.09461659938097,0.1345023214817047,0.7359893176020408,0.0013552295918367,0.0,0.09461659938097,0.09461659938097,0.09461659938097,0.0592639930546283,0.0560470968484878,0.0265719424933195,0.0242154840379953,Ultrasound,OMNI_007052
0.1802100241184234,0.1927596777677536,0.609040291078629,0.0310924899193548,0.0,0.1802100241184234,0.1802100241184234,0.1802100241184234,0.1262823641300201,0.0412428677082061,0.0243217386305332,0.0276930779218673,OCT,OMNI_006016
0.2833720743656158,0.1924412250518798,0.2880101573938506,0.0,0.6703022053440703,0.4172680079936981,0.2388196587562561,0.1615946888923645,0.0619327500462532,0.1702056378126144,0.0039162938483059,0.0040658791549503,Fundus,OMNI_003033
0.4243242740631103,0.0824393481016159,0.0001677833581279,0.0,0.6983478932002998,0.3103446066379547,0.4424678683280945,0.6298471689224243,0.0308269038796424,0.0359002836048603,0.0321952775120735,0.0318351797759532,Fundus,OMNI_003052
0.5588697791099548,0.1759475618600845,0.0289700130378096,0.0038722294654498,0.0,0.5588697791099548,0.5588697791099548,0.5588697791099548,0.0405642576515674,0.1567178517580032,0.0111285019665956,0.014224044047296,X-ray,OMNI_002047
0.6002849340438843,0.2568903565406799,0.0,0.3137828464225324,0.0,0.6002849340438843,0.6002849340438843,0.6002849340438843,0.0798965170979499,0.1684233695268631,0.0182014983147382,0.0179987698793411,CT,OMNI_000084
0.1596659868955612,0.0959224700927734,0.6165098852040817,5.978954081632653e-05,0.0,0.1596659868955612,0.1596659868955612,0.1596659868955612,0.0289962757378816,0.068909116089344,0.0243735965341329,0.0277212802320718,MRI,OMNI_001018
0.4960914254188537,0.1145637705922126,0.0003543429904513,0.0010647243923611,0.0002170138888888,0.4960891902446747,0.4960930049419403,0.4960888624191284,0.0658264383673667,0.070281982421875,0.0088214855641126,0.0070669697597622,Fundus,OMNI_003099
0.1548871248960495,0.1981690675020218,0.5851801658163265,0.0083506058673469,0.0,0.1548871248960495,0.1548871248960495,0.1548871248960495,0.0559380948543548,0.1329699605703354,0.0361961610615253,0.0322603806853294,Ultrasound,OMNI_007038
0.3794293701648712,0.0997609347105026,0.000166015625,0.0,0.4551106770833333,0.4227523803710937,0.3766067624092102,0.2803354561328888,0.0236992724239826,0.0253461878746747,0.0189584419131279,0.0189017876982688,Microscopy,OMNI_005029
0.6499111652374268,0.2236216962337494,0.0951432291666666,0.0053515625,0.042890625,0.6779665350914001,0.6339282989501953,0.6586253643035889,0.1101374179124832,0.0675746202468872,0.0105371447280049,0.0100562805309891,Microscopy,OMNI_005036
0.2147224694490432,0.135842353105545,0.3118735747998091,0.0,0.0,0.2147224694490432,0.2147224694490432,0.2147224694490432,0.0326640084385871,0.0897665470838546,0.0058242203667759,0.0075624277815222,X-ray,OMNI_002003
0.0776865556836128,0.0770175009965896,0.8409812409812409,0.0,0.0,0.0776865556836128,0.0776865556836128,0.0776865556836128,0.035570178180933,0.0483872517943382,0.0031440819147974,0.0038206072058528,X-ray,OMNI_002060
0.2037897855043411,0.1100984439253807,0.338176,0.0005466666666666,0.0,0.2037897855043411,0.2037897855043411,0.2037897855043411,0.0631980523467063,0.0096129858866333,0.0253167357295751,0.0246791616082191,OCT,OMNI_006057
0.161465510725975,0.1093098074197769,0.4721942850652538,6.274410663383821e-05,0.194570161650802,0.1954601109027862,0.1541086286306381,0.1101856976747512,0.0657941848039627,0.0682956650853157,0.0033678081817924,0.0034346147440373,Fundus,OMNI_003021
0.2862623035907745,0.1637200713157653,0.2173169453938802,1.52587890625e-05,0.4764366149902344,0.3285057544708252,0.2841328978538513,0.1864303350448608,0.0626634731888771,0.1286723017692566,0.0027497464325278,0.0031221262179315,Fundus,OMNI_003028
0.4118559956550598,0.2812412679195404,0.2247289540816326,0.0944076849489796,0.0,0.4118559956550598,0.4118559956550598,0.4118559956550598,0.1184606626629829,0.1489781439304351,0.0296235755085945,0.0368136949837207,MRI,OMNI_001088
0.1531887799501419,0.1051149666309356,0.7293386666666667,0.000416,0.0,0.1531887799501419,0.1531887799501419,0.1531887799501419,0.0560975857079029,0.0108967907726764,0.0191932320594787,0.0187276732176542,OCT,OMNI_006050
0.4176994860172272,0.1816460043191909,0.0628681121037236,0.0002439669143805,0.0,0.4176994860172272,0.4176994860172272,0.4176994860172272,0.070135585963726,0.1258976906538009,0.0060387733392417,0.0061831115745007,X-ray,OMNI_002098
0.5545950531959534,0.2512749135494232,0.0608589901477832,0.1367918719211822,0.0662530788177339,0.561519205570221,0.547963559627533,0.5705806612968445,0.1769565343856811,0.0985115617513656,0.0130467368289828,0.0126499915495514,Dermatology,OMNI_004019
0.2342107892036438,0.1618472933769226,0.3573205336084906,4.606426886792453e-05,0.0,0.2342107892036438,0.2342107892036438,0.2342107892036438,0.0931743457913398,0.1119928807020187,0.0077325836755335,0.0094323819503188,X-ray,OMNI_002016
0.1406772285699844,0.1556419879198074,0.5580016292600667,0.0,0.424218298721747,0.2023491710424423,0.1216542869806289,0.0768749862909317,0.0636627823114395,0.1200802773237228,0.0023979288525879,0.0023729903623461,Fundus,OMNI_003061
0.1609218567609787,0.1702359020709991,0.6087207512315271,0.0,0.0,0.1609218567609787,0.1609218567609787,0.1609218567609787,0.10850490629673,0.0996024385094642,0.0044482834637165,0.0048240930773317,X-ray,OMNI_002092
0.3025048375129699,0.2006336450576782,0.4235092474489796,0.0,0.0,0.3025048375129699,0.3025048375129699,0.3025048375129699,0.0923727601766586,0.1076857298612594,0.0167825426906347,0.0180214587599039,MRI,OMNI_001031
0.4066458940505981,0.2818325161933899,0.3173013131405564,0.0034529991764275,0.6409338396778916,0.5075565576553345,0.3805428147315979,0.2763847112655639,0.1151852458715438,0.2344836592674255,0.0055575701408088,0.0053696753457188,Fundus,OMNI_003009
0.2022006511688232,0.2525023818016052,0.5895049426020408,0.0107621173469387,0.0,0.2022006511688232,0.2022006511688232,0.2022006511688232,0.1502189487218856,0.1166077852249145,0.0332818329334259,0.0293312203139066,CT,OMNI_000050
0.1831012219190597,0.2384445518255233,0.6361607142857143,0.0197305484693877,0.0,0.1831012219190597,0.1831012219190597,0.1831012219190597,0.1375314742326736,0.0772122964262962,0.0452494025230407,0.0378061756491661,CT,OMNI_000068
0.2929001152515411,0.3327694237232208,0.512640265467406,0.0729968193619243,0.0,0.2929001152515411,0.2929001152515411,0.2929001152515411,0.100623570382595,0.1691746413707733,0.0218868982046842,0.0170046910643577,CT,OMNI_000046
0.5378316044807434,0.0958015918731689,3.390842013888889e-05,0.0013292100694444,0.0002797444661458,0.5378287434577942,0.537833571434021,0.5378289222717285,0.0573687553405761,0.0360888428986072,0.0088103264570236,0.0081634670495986,Fundus,OMNI_003037
0.0578437149524688,0.0597675740718841,0.9609413146972656,0.0,0.0641059875488281,0.0886571183800697,0.0507149882614612,0.0137328254058957,0.0144685599952936,0.0377377234399318,0.001057191286236,0.001316572073847,Fundus,OMNI_003098
0.4578838646411896,0.301499456167221,0.0,0.257991868622449,0.0,0.4578838646411896,0.4578838646411896,0.4578838646411896,0.2140317857265472,0.0455859489738941,0.0532780513167381,0.0375470258295536,CT,OMNI_000010
0.4653845429420471,0.0762887001037597,0.0,0.0003914945022986,0.6978780997975415,0.3646875619888305,0.4806297123432159,0.6509935855865479,0.0178031828254461,0.0383950397372245,0.0312394462525844,0.0302262157201766,Fundus,OMNI_003008
0.22222900390625,0.2430721819400787,0.5610390940020161,0.0630473475302419,0.0,0.22222900390625,0.22222900390625,0.22222900390625,0.222555935382843,0.0372079163789749,0.0261294804513454,0.0264421980828046,OCT,OMNI_006020
0.0485867783427238,0.107292853295803,0.8726482780612245,0.0013352997448979,0.0,0.0485867783427238,0.0485867783427238,0.0485867783427238,0.0514990240335464,0.043602380901575,0.0148298442363739,0.0120843071490526,Ultrasound,OMNI_007028
0.1542348265647888,0.2466025799512863,0.7374639511108398,0.0,0.010746955871582,0.1538677811622619,0.1533685624599456,0.159658133983612,0.0922647714614868,0.154539480805397,0.0050065089017152,0.0053328797221183,Dermatology,OMNI_004078
0.2302371710538864,0.1364555209875106,0.201672,0.0035813333333333,0.0,0.2302371710538864,0.2302371710538864,0.2302371710538864,0.0876905992627143,0.0113602252677083,0.0271515902131795,0.0269797965884208,OCT,OMNI_006071
0.529532790184021,0.1651863604784011,0.0151113754325259,0.0075305321270665,0.8650086004581571,0.6310902237892151,0.5012915730476379,0.4085848033428192,0.0751538500189781,0.1254306137561798,0.0107314297929406,0.0117254331707954,Dermatology,OMNI_004074
0.0997137948870658,0.224782258272171,0.8328483737244898,0.032665019132653,0.0,0.0997137948870658,0.0997137948870658,0.0997137948870658,0.1001496389508247,0.0976235941052436,0.0255110803991556,0.0195885319262743,CT,OMNI_000039
0.2069834172725677,0.0844137966632843,0.1627413333333333,0.0003893333333333,0.0,0.2069834172725677,0.2069834172725677,0.2069834172725677,0.0561858639121055,0.0123857054859399,0.0228422451764345,0.0231921784579753,OCT,OMNI_006089
0.6961047649383545,0.1101544126868248,0.0001641162622238,0.058527254617892,0.524396731256791,0.7857295870780945,0.6619856953620911,0.6367191076278687,0.0675597041845321,0.0257409401237964,0.031334288418293,0.0183529835194349,Dermatology,OMNI_004055
0.5837318897247314,0.3033256232738495,0.0,0.3470184948979591,0.0,0.5837318897247314,0.5837318897247314,0.5837318897247314,0.1761447489261627,0.1449827551841735,0.0544558875262737,0.0498869493603706,CT,OMNI_000005
0.3636888563632965,0.1339199095964431,0.0422702206910437,0.0,0.6173756445677342,0.2933614253997803,0.368840605020523,0.5216172933578491,0.0646947622299194,0.0640105903148651,0.0270105097442865,0.0293057169765234,Fundus,OMNI_003067
0.2611851990222931,0.14241324365139,0.2521922831632653,0.0030293367346938,0.0,0.2611851990222931,0.2611851990222931,0.2611851990222931,0.0392321050167083,0.1113864108920097,0.0218854807317256,0.0216670744121074,MRI,OMNI_001016
0.1624605357646942,0.2717164158821106,0.7102399553571429,0.0440051020408163,0.0,0.1624605357646942,0.1624605357646942,0.1624605357646942,0.1618297547101974,0.0957484543323516,0.0328238271176815,0.0223839990794658,CT,OMNI_000080
0.6938804388046265,0.2743281722068786,0.1286979166666666,0.2257291666666666,0.0468098958333333,0.7074503898620605,0.686987578868866,0.6937813758850098,0.1809336692094802,0.128794327378273,0.0120529178529977,0.0113677401095628,Microscopy,OMNI_005038
0.1927013844251632,0.2272485196590423,0.6425980548469388,0.0281608737244897,0.0,0.1927013844251632,0.1927013844251632,0.1927013844251632,0.0970931649208068,0.1157348155975341,0.0236077606678009,0.0275520998984575,MRI,OMNI_001042
0.5250445604324341,0.3517084419727325,0.2116549744897959,0.194953762755102,0.0,0.5250445604324341,0.5250445604324341,0.5250445604324341,0.228652998805046,0.1352411359548568,0.0255993995815515,0.0199199859052896,CT,OMNI_000055
0.503698468208313,0.0237965919077396,0.0,0.0,0.0,0.503698468208313,0.503698468208313,0.503698468208313,0.0062139476649463,0.0056640314869582,0.0059286719188094,0.0059646163135766,Microscopy,OMNI_005033
0.2151126116514206,0.193838357925415,0.4251235650510204,0.0030293367346938,0.0,0.2151126116514206,0.2151126116514206,0.2151126116514206,0.0646255388855934,0.1193486079573631,0.0376636125147342,0.0292278248816728,MRI,OMNI_001043
0.6581525802612305,0.0797522217035293,0.0,0.0027815077690389,0.9975682964534366,0.858881950378418,0.5974350571632385,0.4443202018737793,0.0112208649516105,0.0580644533038139,0.0223211273550987,0.020390186458826,Dermatology,OMNI_004039
0.2017826735973358,0.1174414530396461,0.4052666666666666,0.0014053333333333,0.0,0.2017826735973358,0.2017826735973358,0.2017826735973358,0.0636289864778518,0.0119247836992144,0.0269680581986904,0.0257895030081272,OCT,OMNI_006041
0.631029486656189,0.25474414229393,0.130625,0.0067838541666666,0.05578125,0.6589991450309753,0.6164597868919373,0.6326915621757507,0.1024791151285171,0.1448892951011657,0.0109012778848409,0.010675998404622,Microscopy,OMNI_005089
0.0469877831637859,0.1068369671702385,0.8793048469387755,0.001415019132653,0.0,0.0469877831637859,0.0469877831637859,0.0469877831637859,0.034389816224575,0.0513475686311721,0.012327835895121,0.0129674291238188,Ultrasound,OMNI_007010
0.5706055760383606,0.0488761439919471,0.0,0.0,0.5063238143920898,0.6722671389579773,0.52827388048172,0.5219379663467407,0.0301738735288381,0.0201005786657333,0.0051120896823704,0.0051890453323721,Dermatology,OMNI_004075
0.3135948777198791,0.2053643316030502,0.2629469596449487,0.0008850544472913,0.4596749748352855,0.3827328681945801,0.2944190800189972,0.230998158454895,0.0430040471255779,0.1766251921653747,0.0044527486898005,0.00453916285187,Fundus,OMNI_003094
0.4478410184383392,0.3527438938617706,0.2124920280612245,0.2113560267857142,0.0,0.4478410184383392,0.4478410184383392,0.4478410184383392,0.2279431819915771,0.1056614518165588,0.0289875157177448,0.0226737670600414,CT,OMNI_000069
0.2856742739677429,0.2818154394626617,0.460758131377551,0.0123764349489795,0.0,0.2856742739677429,0.2856742739677429,0.2856742739677429,0.1093284040689468,0.2107560932636261,0.0239479318261146,0.0207303334027528,Ultrasound,OMNI_007060
0.1482766717672348,0.1713694185018539,0.6698421556122449,0.0014748086734693,0.0,0.1482766568660736,0.1482766568660736,0.1482766568660736,0.1155561059713363,0.0539836212992668,0.028169160708785,0.0200963914394378,Ultrasound,OMNI_007099
0.1501179188489914,0.1137991398572921,0.4985780304018539,0.0,0.66161391870842,0.2664006948471069,0.1128648370504379,0.0369512550532817,0.0638092309236526,0.0808051452040672,0.0031887716613709,0.003193957498297,Fundus,OMNI_003071
0.6630826592445374,0.2358115166425705,0.1037109375,0.0153255208333333,0.0517838541666666,0.6813947558403015,0.6517309546470642,0.6735050678253174,0.0946016535162925,0.1577248126268386,0.010432262904942,0.0101454285904765,Microscopy,OMNI_005028
0.5869501829147339,0.2756730616092682,0.1154308099545085,0.2133374369894691,0.0,0.5869501829147339,0.5869501829147339,0.5869501829147339,0.1019254773855209,0.1622966229915619,0.0128881689161062,0.0139086497947573,X-ray,OMNI_002017
0.4623893797397613,0.2118425220251083,0.1044434518355628,0.0003550485614806,0.0,0.4623893797397613,0.4623893797397613,0.4623893797397613,0.0513282380998134,0.1714577674865722,0.00777338584885,0.0072282021865248,X-ray,OMNI_002088
0.1793445497751236,0.1932678818702697,0.6091757015306123,0.000259088010204,0.0,0.1793445497751236,0.1793445497751236,0.1793445497751236,0.1540346294641494,0.0499480776488781,0.025970347225666,0.0233034696429967,MRI,OMNI_001079
0.3414230644702911,0.2579152584075928,0.3128388073979591,0.0316087372448979,0.0,0.3414230346679687,0.3414230346679687,0.3414230346679687,0.1278555989265442,0.1284658461809158,0.0522779487073421,0.0488789267838001,MRI,OMNI_001023
0.1139177605509758,0.1396429538726806,0.6041932397959183,0.0016940369897959,0.0,0.1139177605509758,0.1139177605509758,0.1139177605509758,0.0394314900040626,0.0848496705293655,0.0173035133630037,0.0156105160713195,Ultrasound,OMNI_007037
0.6460540294647217,0.1505139917135238,0.0018534757653061,0.0913783482142857,0.7190090880102041,0.7537328004837036,0.5742273330688477,0.7334779500961304,0.0298812743276357,0.0230844393372535,0.0559171997010707,0.046566404402256,Microscopy,OMNI_005056
0.4977214634418487,0.0572706460952758,4.031595984237193e-05,0.0,0.4497531197222743,0.5534325838088989,0.4864685833454132,0.4095445573329925,0.0166881810873746,0.0246021542698144,0.0084552392363548,0.0091192089021205,Dermatology,OMNI_004091
0.1796869188547134,0.1266128569841385,0.6367973333333333,0.001944,0.0,0.1796869188547134,0.1796869188547134,0.1796869188547134,0.0612271353602409,0.0126490350812673,0.0267200022935867,0.0295052770525217,OCT,OMNI_006025
0.5748324394226074,0.0869709029793739,0.0,0.0,0.2794036865234375,0.6432590484619141,0.5474523305892944,0.5363463759422302,0.0434585697948932,0.0362047590315341,0.0043277912773191,0.0042711631394922,Dermatology,OMNI_004022
0.6793747544288635,0.2064716964960098,0.0078922193877551,0.164680325255102,0.0,0.6793747544288635,0.6793747544288635,0.6793747544288635,0.0380011349916458,0.1962828338146209,0.0110794203355908,0.0156728513538837,X-ray,OMNI_002054
0.5222992300987244,0.3177335560321808,0.0,0.315609056122449,0.0,0.5222992300987244,0.5222992300987244,0.5222992300987244,0.2733322381973266,0.0547616221010685,0.0482358001172542,0.0358274914324283,CT,OMNI_000097
0.1484575122594833,0.1697860211133957,0.5995495854591837,0.0009765625,0.0,0.1484575122594833,0.1484575122594833,0.1484575122594833,0.0820142924785614,0.0676478967070579,0.0360360853374004,0.0303010903298854,Ultrasound,OMNI_007094
0.4209977686405182,0.3533125519752502,0.2129703443877551,0.2588488520408163,0.0,0.4209977686405182,0.4209977686405182,0.4209977686405182,0.2415594905614853,0.1148138791322708,0.0288198255002498,0.0203350521624088,CT,OMNI_000051
0.4476832747459411,0.2345194220542907,0.0927619934082031,0.0724239349365234,0.0,0.4476832747459411,0.4476832747459411,0.4476832747459411,0.1552887856960296,0.1088499277830123,0.0087016876786947,0.0087045365944504,X-ray,OMNI_002024
0.1400025486946106,0.147740364074707,0.6617497269825269,0.001315209173387,0.0,0.1400025486946106,0.1400025486946106,0.1400025486946106,0.1152257099747657,0.0176987200975418,0.0251937042921781,0.0322567149996757,OCT,OMNI_006028
0.4948025345802307,0.0608841814100742,0.0003363406141183,0.0,1.0,0.723208487033844,0.3917502760887146,0.4263664484024048,0.0143904155120253,0.0344207622110843,0.0052375509403645,0.0051220976747572,Dermatology,OMNI_004011
0.2246074229478836,0.3005318641662597,0.5916972257653061,0.0626395089285714,0.0,0.2246074229478836,0.2246074229478836,0.2246074229478836,0.1990765482187271,0.1213041767477989,0.0438979864120483,0.0307645946741104,CT,OMNI_000059
0.2974412441253662,0.1626634150743484,0.1698421556122449,0.0052016900510204,0.0,0.2974412441253662,0.2974412441253662,0.2974412441253662,0.0933684706687927,0.0648423507809639,0.023886539041996,0.020995058119297,MRI,OMNI_001082
0.1542676389217376,0.1665658205747604,0.5446627869897959,0.0022720025510204,0.0,0.15426766872406,0.15426766872406,0.15426766872406,0.1096803545951843,0.0625217109918594,0.0365743264555931,0.0214237850159406,Ultrasound,OMNI_007023
0.2438988983631134,0.1282654255628585,0.2311862244897959,0.0021723533163265,0.0,0.2438988983631134,0.2438988983631134,0.2438988983631134,0.0501804761588573,0.050582118332386,0.0371085703372955,0.0345391184091568,Ultrasound,OMNI_007020
0.4786125123500824,0.1201791539788246,0.0,0.0017360341387718,0.1884733152294391,0.5447890162467957,0.4389021396636963,0.509518027305603,0.0097733037546277,0.0123533122241497,0.0386566556990146,0.0365453921258449,Microscopy,OMNI_005097
0.262058675289154,0.1885958164930343,0.3254145408163265,0.0052415497448979,0.0,0.262058675289154,0.262058675289154,0.262058675289154,0.0890306159853935,0.0924928560853004,0.0403647124767303,0.0467210933566093,Ultrasound,OMNI_007025
0.1648155450820922,0.1921367347240448,0.5772281568877551,0.0020328443877551,0.0,0.1648155450820922,0.1648155450820922,0.1648155450820922,0.0653470903635025,0.115097776055336,0.0311668626964092,0.0306736845523118,Ultrasound,OMNI_007066
0.2281037718057632,0.1097565591335296,0.147952,0.001712,0.0,0.2281037718057632,0.2281037718057632,0.2281037718057632,0.0723098367452621,0.0099125504493713,0.0358607210218906,0.0352792777121067,OCT,OMNI_006064
0.1305624693632125,0.2327686101198196,0.7319236288265306,0.0278818558673469,0.0,0.1305624544620514,0.1305624544620514,0.1305624544620514,0.1444954127073288,0.0837488397955894,0.0314070917665958,0.0233416240662336,CT,OMNI_000081
0.2120926082134246,0.1668676733970642,0.4606853333333333,0.0086026666666666,0.0,0.2120926082134246,0.2120926082134246,0.2120926082134246,0.1404514163732528,0.0161093827337026,0.0244734212756156,0.0194422677159309,OCT,OMNI_006011
0.1642782837152481,0.0525765940546989,0.6161714804292929,0.0017065183080808,0.0,0.1642782837152481,0.1642782837152481,0.1642782837152481,0.0175191350281238,0.0216561611741781,0.0035313423722982,0.0042065731249749,X-ray,OMNI_002040
0.6768805384635925,0.3204939067363739,6.246430611079383e-05,0.4914423900628212,0.0,0.6768805384635925,0.6768805384635925,0.6768805384635925,0.1318138539791107,0.1464123278856277,0.0298905950039625,0.0293282400816679,CT,OMNI_000018
0.6923801898956299,0.2614147067070007,0.0,0.4243921589862999,0.0,0.6923801898956299,0.6923801898956299,0.6923801898956299,0.149082139134407,0.1271920651197433,0.0459665581583976,0.0322126038372516,CT,OMNI_000047
0.4293810725212097,0.1129472330212593,0.0,0.0,0.0,0.4293810427188873,0.4293810427188873,0.4293810427188873,0.0606429800391197,0.0749859437346458,0.006703526712954,0.0093698864802718,X-ray,OMNI_002057
0.6711946725845337,0.2071423232555389,0.0038265306122448,0.2623166454081632,0.612922512755102,0.7770482301712036,0.6021469831466675,0.7490964531898499,0.0924726799130439,0.0392880253493785,0.0520636774599552,0.0502109937369823,Microscopy,OMNI_005051
0.7630570530891418,0.0660634338855743,0.0,0.1143385093167701,0.7568105590062112,0.8804939985275269,0.6840327978134155,0.8619486689567566,0.0073635098524391,0.0208767000585794,0.0151729667559266,0.0210564192384481,Microscopy,OMNI_005039
0.1173732131719589,0.210694134235382,0.7606026785714286,0.0218231823979591,0.0,0.1173732131719589,0.1173732131719589,0.1173732131719589,0.1315901577472686,0.0738674402236938,0.0357596613466739,0.0254167150706052,CT,OMNI_000011
0.2049194872379303,0.2708411514759063,0.5982541454081632,0.045719068877551,0.0,0.2049194574356079,0.2049194574356079,0.2049194574356079,0.1521820127964019,0.1242409572005271,0.0570745579898357,0.0446902774274349,CT,OMNI_000028
0.5654042959213257,0.046440877020359,0.0037093980588629,0.0,0.7591542703442059,0.6660453677177429,0.5288323163986206,0.489756166934967,0.0118073839694261,0.0222285371273756,0.0010386304929852,0.0011943083954975,Dermatology,OMNI_004049
0.0468478798866272,0.1088750585913658,0.8835499043367347,0.0022720025510204,0.0,0.0468478798866272,0.0468478798866272,0.0468478798866272,0.0333155915141105,0.0391982272267341,0.0118796406313776,0.0094675999134778,Ultrasound,OMNI_007095
0.1165589690208435,0.2026980817317962,0.7194874043367347,0.0097257653061224,0.0,0.1165589690208435,0.1165589690208435,0.1165589690208435,0.0791793018579483,0.0965278148651123,0.040695697069168,0.0441320948302745,MRI,OMNI_001068
0.3107694685459137,0.1378316581249237,0.1017098192476795,0.0,0.0,0.3107694685459137,0.3107694685459137,0.3107694685459137,0.0311772171407938,0.1083950400352478,0.0135407373309135,0.0188115183264017,X-ray,OMNI_002100
0.1726797968149185,0.1860382705926895,0.6480791645665323,0.022248298891129,0.0,0.1726797968149185,0.1726797968149185,0.1726797968149185,0.1414515227079391,0.0259187668561935,0.0209645628929138,0.0182168763130903,OCT,OMNI_006097
0.5252935886383057,0.1420534998178482,0.0310700706137968,0.0044812601846822,0.8517925040738729,0.6427872776985168,0.4803321957588196,0.4486425518989563,0.0495611988008022,0.0911695286631584,0.0277893375605344,0.0373060889542102,Dermatology,OMNI_004025
0.4123127460479736,0.0914675369858741,0.0002237111441706,0.0,0.6983478932002998,0.2915930151939392,0.4331448376178741,0.6216699481010437,0.0313695296645164,0.0384122654795646,0.0266678165644407,0.0266675017774105,Fundus,OMNI_003016
0.1088508889079094,0.2065416872501373,0.7854950573979592,0.0006776147959183,0.0,0.1088508889079094,0.1088508889079094,0.1088508889079094,0.0822624340653419,0.126869186758995,0.0184790734201669,0.0203724987804889,MRI,OMNI_001072
0.5962399244308472,0.100175954401493,7.971938775510203e-05,0.0009566326530612,0.9999202806122448,0.8098841905593872,0.4701173007488251,0.6853128671646118,0.0305759031325578,0.0113377086818218,0.0615095570683479,0.034480758011341,Microscopy,OMNI_005037
0.398581326007843,0.1672155559062957,0.1330516581632653,0.0097456951530612,0.0,0.398581326007843,0.398581326007843,0.398581326007843,0.0573148429393768,0.0875715613365173,0.031551543623209,0.035051379352808,MRI,OMNI_001046
0.1857746243476867,0.138339564204216,0.4123531279771356,0.0,0.0,0.1857746243476867,0.1857746243476867,0.1857746243476867,0.0353990085422992,0.0431244894862175,0.0072739883325994,0.007569680456072,X-ray,OMNI_002053
0.4322699010372162,0.0486624538898468,0.0,0.0,0.520419921875,0.5256676077842712,0.3954072594642639,0.3771163523197174,0.0129923513159155,0.0091049280017614,0.0073105613701045,0.0072959531098604,Microscopy,OMNI_005066
0.3213935196399688,0.0529880002140998,0.0,1.1982361963190184e-05,0.0,0.3213935196399688,0.3213935196399688,0.3213935196399688,0.0074725034646689,0.0166162308305501,0.0023358603939414,0.0027172828558832,X-ray,OMNI_002093
0.5331512689590454,0.1627791076898574,3.985969387755102e-05,0.035953443877551,0.9226323341836736,0.6602320075035095,0.4493092894554138,0.6315556764602661,0.0270990133285522,0.0248291883617639,0.048685997724533,0.0503172390162944,Microscopy,OMNI_005004
0.7001170516014099,0.1161713525652885,0.000438456632653,0.0861766581632653,0.8345424107142857,0.809287428855896,0.6237767338752747,0.8068702816963196,0.0174723658710718,0.0166366249322891,0.0537246502935886,0.0567017197608947,Microscopy,OMNI_005032
0.2498118728399276,0.1470214426517486,0.2172787984212239,0.0001207987467447,0.7532145182291666,0.3154360353946686,0.2408016920089721,0.1240866556763649,0.028203547000885,0.1026725023984909,0.0039916369132697,0.004331920761615,Fundus,OMNI_003073
0.2650357186794281,0.1904884278774261,0.318000637755102,0.0009167729591836,0.0,0.2650357186794281,0.2650357186794281,0.2650357186794281,0.1171401068568229,0.1022523045539856,0.0339289642870426,0.0221687331795692,Ultrasound,OMNI_007048
0.384608507156372,0.1677077412605285,0.0013359375,0.019353515625,0.0,0.384608507156372,0.384608507156372,0.384608507156372,0.152921050786972,0.0170836728066205,0.0143720740452408,0.0138051584362983,OCT,OMNI_006030
0.1812514066696167,0.2148693799972534,0.5688555202232797,0.0014140853770131,0.0738755948023426,0.1925212293863296,0.1801348626613617,0.1574418693780899,0.0876438543200492,0.1645434647798538,0.0047310539521276,0.0045648231171071,Fundus,OMNI_003015
0.0809907615184784,0.120242141187191,0.7616191007653061,0.0012555803571428,0.0,0.0809907615184784,0.0809907615184784,0.0809907615184784,0.0369558632373809,0.0767803341150283,0.0154200587421655,0.0131452474743127,Ultrasound,OMNI_007084
0.0888754799962043,0.1517850160598755,0.7570750956632653,0.0013552295918367,0.0,0.0888754799962043,0.0888754799962043,0.0888754799962043,0.0795991867780685,0.0667308196425437,0.0223724581301212,0.0219241864979267,Ultrasound,OMNI_007063
0.5962262153625488,0.1321288645267486,0.0288143157958984,0.0,0.0460195541381835,0.6452730298042297,0.5718283653259277,0.5932128429412842,0.0753389671444892,0.0732273980975151,0.0052151628769934,0.0052778855897486,Dermatology,OMNI_004009
0.8107705116271973,0.1207661107182502,0.0049027423469387,0.1672313456632653,0.0791015625,0.8471832275390625,0.7830625176429749,0.8579389452934265,0.0265411715954542,0.0391986370086669,0.0226296987384557,0.0252089034765958,Microscopy,OMNI_005069
0.6280573010444641,0.114884503185749,0.0004783163265306,0.0193718112244897,0.9793726084183674,0.8154706358909607,0.5181613564491272,0.7023758888244629,0.0158111676573753,0.0248146690428257,0.0445219948887825,0.065854012966156,Microscopy,OMNI_005045
0.4711480438709259,0.3709265291690826,0.2127511160714285,0.3016780931122449,0.0,0.4711480438709259,0.4711480438709259,0.4711480438709259,0.2686581909656524,0.1062685921788215,0.0259423162788152,0.0174931064248085,CT,OMNI_000070
0.2234039306640625,0.1182171031832695,0.3071063701923077,0.0138070913461538,0.0,0.2234039306640625,0.2234039306640625,0.2234039306640625,0.0453009828925132,0.0240897685289382,0.0098764728754758,0.0137143284082412,X-ray,OMNI_002064
0.4390742182731628,0.3120221495628357,0.0,0.264289700255102,0.0,0.4390742182731628,0.4390742182731628,0.4390742182731628,0.2427446097135543,0.0857929587364196,0.032717291265726,0.0242216065526008,CT,OMNI_000013
0.6181967258453369,0.060184322297573,0.0,5.413044847568657e-06,0.3113396400226757,0.6145164966583252,0.6277841925621033,0.5784825682640076,0.0163272842764854,0.0397163778543472,0.0038888880517333,0.0045533776283264,Dermatology,OMNI_004018
0.3630667328834533,0.3347079753875732,0.4032405931122449,0.1097735969387755,0.0,0.3630667328834533,0.3630667328834533,0.3630667328834533,0.0588782168924808,0.2665198445320129,0.0363398268818855,0.0461668297648429,CT,OMNI_000067
0.1240776777267456,0.1453272104263305,0.5989118303571429,0.0020527742346938,0.0,0.1240776777267456,0.1240776777267456,0.1240776777267456,0.047154776751995,0.0922407284379005,0.0224747527390718,0.0190139412879943,Ultrasound,OMNI_007022
0.0627328306436538,0.1166986525058746,0.8157485650510204,0.0,0.0,0.0627328306436538,0.0627328306436538,0.0627328306436538,0.0823751613497734,0.0315311253070831,0.0130872307345271,0.0108213704079389,MRI,OMNI_001090
0.1862142384052276,0.1824280470609665,0.5385667889288757,0.0023144773290567,0.7092827518205047,0.3333818614482879,0.1350363343954086,0.0637432560324668,0.1229918822646141,0.1002852246165275,0.0040841097943484,0.0040683327242732,Fundus,OMNI_003065
0.6249572038650513,0.2563119530677795,0.0897893905639648,0.1894340515136718,0.0,0.6249572038650513,0.6249572038650513,0.6249572038650513,0.0483085103332996,0.2152434140443802,0.0065657016821205,0.0089156357571482,X-ray,OMNI_002002
0.7363675832748413,0.187732920050621,0.0023317920918367,0.3863799426020408,0.5614237882653061,0.8365327715873718,0.6736165285110474,0.7967663407325745,0.036184586584568,0.0454274266958236,0.0619478225708007,0.0744959264993667,Microscopy,OMNI_005061
0.5208603143692017,0.131893441081047,0.0003222222222222,0.0003333333333333,0.5387481481481482,0.6092970371246338,0.4854093194007873,0.4714491069316864,0.072430208325386,0.0365846864879131,0.0167506262660026,0.0163195971399545,Dermatology,OMNI_004052
0.2624211609363556,0.1462645530700683,0.1956114477040816,0.0010363520408163,0.0,0.2624211609363556,0.2624211609363556,0.2624211609363556,0.0814818814396858,0.0736289620399475,0.025509038940072,0.0319110266864299,MRI,OMNI_001035
0.1719105988740921,0.2427958697080612,0.7318390877016129,0.0631379158266129,0.0,0.1719105988740921,0.1719105988740921,0.1719105988740921,0.2279103845357895,0.0130320079624652,0.0197094734758138,0.0183957666158676,OCT,OMNI_006043
0.1623629331588745,0.1665676534175872,0.5597540742607527,0.0033943422379032,0.0,0.1623629331588745,0.1623629331588745,0.1623629331588745,0.1111819595098495,0.0149750607088208,0.0445636436343193,0.0574666783213615,OCT,OMNI_006056
0.4667620658874511,0.2393752038478851,0.1489696502685547,0.0010061264038085,0.0,0.4667620658874511,0.4667620658874511,0.4667620658874511,0.119410254061222,0.1753033250570297,0.004036795347929,0.0053301975131034,X-ray,OMNI_002043
0.3734780848026275,0.3391757905483246,0.3558868576170659,0.1301303681917477,0.0,0.3734780848026275,0.3734780848026275,0.3734780848026275,0.2185315787792205,0.1279669851064682,0.0037986263632774,0.003073803614825,X-ray,OMNI_002066
0.1296712756156921,0.192657396197319,0.7200538011213721,0.0006390171503957,0.0,0.1296712756156921,0.1296712756156921,0.1296712756156921,0.0945259183645248,0.1018501743674278,0.0049708825536072,0.0057168062776327,X-ray,OMNI_002042
0.2290607690811157,0.2520506381988525,0.5113998724489796,0.0085299744897959,0.0,0.2290607690811157,0.2290607690811157,0.2290607690811157,0.0739629566669464,0.1931123733520507,0.0208626165986061,0.0189984757453203,Ultrasound,OMNI_007011
0.1411693692207336,0.163528710603714,0.6227279974489796,0.0024314413265306,0.0,0.1411693692207336,0.1411693692207336,0.1411693692207336,0.0590947046875953,0.0874225422739982,0.0248827897012233,0.0289341285824775,Ultrasound,OMNI_007050
0.4977364540100097,0.3058125376701355,0.0,0.2390983737244898,0.0,0.4977364540100097,0.4977364540100097,0.4977364540100097,0.2116346210241317,0.0680465474724769,0.0531419962644577,0.0401471704244613,CT,OMNI_000091
0.4639017879962921,0.1275154799222946,0.0161861843532986,0.0008087158203125,0.000211927625868,0.4638994038105011,0.4639033675193786,0.4638997614383697,0.0699078142642974,0.0627166926860809,0.0115733323618769,0.0100013697519898,Fundus,OMNI_003010
0.5482720732688904,0.2917253971099853,0.2039861679077148,3.528594970703125e-05,0.1390266418457031,0.5774415731430054,0.5356334447860718,0.5368438959121704,0.1627752035856247,0.1685660034418106,0.0055894213728606,0.00585269741714,Dermatology,OMNI_004057
0.1027556434273719,0.1355687081813812,0.7376235650510204,0.0011360012755102,0.0,0.1027556434273719,0.1027556434273719,0.1027556434273719,0.07082499563694,0.0664427801966667,0.0257660690695047,0.0260198023170232,Ultrasound,OMNI_007085
0.6302594542503357,0.0630520433187484,0.00030517578125,0.0,1.0,0.4221224784851074,0.7907037734985352,0.3500153422355652,0.0280275214463472,0.0183395706117153,0.0190135668963193,0.0185001082718372,Microscopy,OMNI_005044
0.1631112694740295,0.2142405658960342,0.7253457346270161,0.036105248235887,0.0,0.1631112694740295,0.1631112694740295,0.1631112694740295,0.1846975982189178,0.0410843268036842,0.0164951290935277,0.0142775764688849,OCT,OMNI_006015
0.1227155625820159,0.0987049490213394,0.5534348165495706,0.0,0.0,0.1227155625820159,0.1227155625820159,0.1227155625820159,0.0590840987861156,0.0484942607581615,0.0068214661441743,0.0058738877996802,X-ray,OMNI_002015
0.7110220193862915,0.0751352086663246,8.333333333333335e-08,0.0002864166666666,0.9999669583333334,0.8886686563491821,0.6490458250045776,0.5642116069793701,0.0174602661281824,0.0625259131193161,0.0033948884811252,0.0033599135931581,Dermatology,OMNI_004046
0.397470623254776,0.0988073199987411,0.0,0.0,0.0,0.397470623254776,0.397470623254776,0.397470623254776,0.0367486961185932,0.0773796960711479,0.006076721008867,0.0089844232425093,X-ray,OMNI_002006
0.4191238284111023,0.3119106590747833,0.3239994049072265,0.0053977966308593,0.0330848693847656,0.4345136880874634,0.4138144850730896,0.4060976207256317,0.1658374071121215,0.1598171591758728,0.0087377075105905,0.0090323006734251,Dermatology,OMNI_004051
0.3037647902965545,0.2347219139337539,0.3183557431886167,0.0,0.6813815031530439,0.4966889023780823,0.2435864210128784,0.107628159224987,0.1379243731498718,0.1073290184140205,0.0055318623781204,0.0057345633395016,Fundus,OMNI_003012
0.6742720603942871,0.1353547424077987,0.0008968431122448,0.0968989158163265,0.7964764030612245,0.7901034951210022,0.5989201664924622,0.758464515209198,0.0283871125429868,0.0342975258827209,0.0439152643084526,0.0448453985154628,Microscopy,OMNI_005087
0.4972087442874908,0.2596731781959533,0.1036352040816326,0.1016621492346938,0.0,0.4972087442874908,0.4972087442874908,0.4972087442874908,0.0972210392355918,0.1495709717273712,0.0304839331656694,0.0439356751739978,MRI,OMNI_001100
0.6260951161384583,0.0665027946233749,0.00018310546875,0.0,1.0,0.4121615886688232,0.7879904508590698,0.3535824418067932,0.0195622481405735,0.0265161078423261,0.023942794650793,0.0247057247906923,Microscopy,OMNI_005083
0.2782347798347473,0.3058601021766662,0.4859046936035156,0.1331748962402343,0.0,0.2782347798347473,0.2782347798347473,0.2782347798347473,0.2816904783248901,0.0476024411618709,0.0276252720504999,0.0411580838263034,OCT,OMNI_006013
0.4751655459403991,0.1652377247810363,0.0246787615980614,0.0002869623441635,0.0,0.4751655459403991,0.4751655459403991,0.4751655459403991,0.0638345777988433,0.0925904139876365,0.0137653108686208,0.0146468067541718,X-ray,OMNI_002035
0.1902623176574707,0.1883164495229721,0.578125,0.0220474735383064,0.0,0.1902623176574707,0.1902623176574707,0.1902623176574707,0.1531700938940048,0.0380438528954982,0.0241245497018098,0.0248285364359617,OCT,OMNI_006049
0.2466596066951751,0.1635219305753708,0.4726363201530612,0.0075932716836734,0.0,0.2466596066951751,0.2466596066951751,0.2466596066951751,0.0891261026263237,0.0890417248010635,0.0228241067379713,0.0245694685727357,MRI,OMNI_001047
0.3044473230838775,0.1516966521739959,0.143533070099887,0.0,0.6035279247435711,0.2553348839282989,0.2990301549434662,0.4611534476280212,0.0736559182405471,0.0916212573647499,0.0240956954658031,0.0242261253297328,Fundus,OMNI_003041
0.0965641215443611,0.0957278832793235,0.8480762768817204,0.0004935315860215,0.0,0.0965641215443611,0.0965641215443611,0.0965641215443611,0.0675512105226516,0.0139478808268904,0.0121557489037513,0.0124677149578928,OCT,OMNI_006100
0.8031226396560669,0.0701215267181396,0.0,0.29771537065615,0.1367690405128315,0.8934417366981506,0.7663273215293884,0.7556963562965393,0.017726007848978,0.0590357556939125,0.0022219908423721,0.0022628542501479,Dermatology,OMNI_004047
0.0357826724648475,0.0963641256093978,0.9087013711734694,0.0020129145408163,0.0,0.0357826724648475,0.0357826724648475,0.0357826724648475,0.0398058742284774,0.0370407626032829,0.0117995636537671,0.0100594609975814,Ultrasound,OMNI_007014
0.4205979406833648,0.2628414630889892,0.1306362502227767,0.0359672963821065,0.0,0.4205979108810425,0.4205979108810425,0.4205979108810425,0.1024683862924575,0.112996868789196,0.0757476687431335,0.0695234313607215,CT,OMNI_000012
0.1957321316003799,0.1664596050977707,0.4629703443877551,0.0001594387755102,0.0,0.1957321316003799,0.1957321316003799,0.1957321316003799,0.0901032164692878,0.0988232865929603,0.0155926179140806,0.0155831165611743,MRI,OMNI_001060
0.3691181242465973,0.2621274590492248,0.3191591630285391,0.0,0.6789961925984316,0.4827642142772674,0.346641480922699,0.1867816895246505,0.1823896914720535,0.1386569589376449,0.006318915169686,0.0066400584764778,Fundus,OMNI_003007
0.1793562918901443,0.1674248725175857,0.5012364541330645,0.0006851688508064,0.0,0.1793562918901443,0.1793562918901443,0.1793562918901443,0.126343235373497,0.0205717701464891,0.057474385946989,0.0752245858311653,OCT,OMNI_006006
0.1315029859542846,0.2105093747377395,0.7109574298469388,0.0087093431122448,0.0,0.1315029859542846,0.1315029859542846,0.1315029859542846,0.1042690053582191,0.1085398122668266,0.0230451822280883,0.0268558990210294,Ultrasound,OMNI_007015
0.7398107051849365,0.229448527097702,0.0008569834183673,0.5311104910714286,0.4594826211734694,0.8353675007820129,0.6811752915382385,0.7911044359207153,0.0373538173735141,0.1774897575378418,0.0173864178359508,0.0238598827272653,Microscopy,OMNI_005071
0.1700303256511688,0.1510000973939895,0.6834186666666666,0.0010426666666666,0.0,0.1700303256511688,0.1700303256511688,0.1700303256511688,0.0926815941929817,0.0115945590659976,0.0248860996216535,0.0240983087569475,OCT,OMNI_006005
0.2531338036060333,0.3302645087242126,0.6269292831420898,6.198883056640625e-05,0.3395156860351562,0.2914086878299713,0.2417997419834137,0.211106538772583,0.1961334198713302,0.1961705982685089,0.0035105822607874,0.0034601842053234,Dermatology,OMNI_004089
0.5131654739379883,0.0236620362848043,0.0,0.0,0.0,0.5131654739379883,0.5131654739379883,0.5131654739379883,0.010982253588736,0.0063285348005592,0.0036255693994462,0.0032260788138955,Microscopy,OMNI_005074
0.1543627679347992,0.1185951232910156,0.7968351403061225,0.0028101084183673,0.0,0.1543627679347992,0.1543627679347992,0.1543627679347992,0.0501241199672222,0.0605236031115055,0.0123600224032998,0.0120357107371091,MRI,OMNI_001013
0.1158787757158279,0.1473820358514785,0.5925990002745242,0.0011638680453879,0.1324350292825768,0.144498661160469,0.1063535138964653,0.0898610725998878,0.0601730495691299,0.1159355044364929,0.0030912284273654,0.0030131977982819,Fundus,OMNI_003060
0.3234611451625824,0.037417747080326,0.0054009885204081,5.978954081632653e-05,0.9972098214285714,0.4425143301486969,0.2351815700531005,0.4657698571681976,0.0063308896496891,0.0087271248921751,0.0144974235445261,0.0116437785327434,Microscopy,OMNI_005023
0.5406436324119568,0.2852472364902496,0.0988676463156142,0.1976579988643761,0.0,0.5406436324119568,0.5406436324119568,0.5406436324119568,0.2071501612663269,0.1266475170850753,0.0089314626529812,0.0095756659284234,X-ray,OMNI_002076
0.4882756471633911,0.0459360145032405,0.0009803771972656,0.0,0.9963483810424804,0.6004452109336853,0.4646775126457214,0.3155864477157593,0.0210304763168096,0.016500798985362,0.0042234216816723,0.0045557729899883,Dermatology,OMNI_004099
0.0641126036643982,0.1126847565174102,0.8260124362244898,0.0013552295918367,0.0,0.0641126036643982,0.0641126036643982,0.0641126036643982,0.046031154692173,0.0637202858924865,0.0148909240961074,0.0129733951762318,Ultrasound,OMNI_007044
0.7030174136161804,0.0833286046981811,2.288818359375e-05,0.0004844665527343,0.1404876708984375,0.7407855987548828,0.6940438151359558,0.6501643657684326,0.0281068310141563,0.0509435310959816,0.0077954474836587,0.0071295909583568,Dermatology,OMNI_004043
0.34981170296669,0.0868222340941429,0.0008756510416666,0.0,0.6233203125,0.4047425985336303,0.3455141186714172,0.2278674244880676,0.0153148975223302,0.0201021116226911,0.0173428952693939,0.0177275091409683,Microscopy,OMNI_005018
0.4638077914714813,0.2866630554199219,0.0,0.2022480867346938,0.0,0.4638077914714813,0.4638077914714813,0.4638077914714813,0.1550673544406891,0.1218986883759498,0.0621198676526546,0.0524780638515949,CT,OMNI_000077
0.1783253401517868,0.2075717747211456,0.5344213259516838,0.0041764847181551,0.0878019765739385,0.1962380111217498,0.1731465309858322,0.1580101251602172,0.0866064950823783,0.1631508320569992,0.0046632681041955,0.0044605401344597,Fundus,OMNI_003088
0.5229315757751465,0.1578360944986343,0.0,0.0523357780612244,0.8956273915816326,0.6710484623908997,0.4283922910690307,0.6212440729141235,0.0412221252918243,0.0688186362385749,0.0234275925904512,0.0225658435374498,Microscopy,OMNI_005043
0.3873941600322723,0.1494319587945938,0.000345703125,0.009515625,0.0,0.3873941600322723,0.3873941600322723,0.3873941600322723,0.1301406770944595,0.0077347485348582,0.0129085378721356,0.0122683653607964,OCT,OMNI_006096
0.0811986550688743,0.1136761158704757,0.7844985650510204,0.0013153698979591,0.0,0.0811986550688743,0.0811986550688743,0.0811986550688743,0.0281743016093969,0.0651113018393516,0.0138890985399484,0.0129696289077401,Ultrasound,OMNI_007057
0.0856209769845008,0.1411200910806656,0.7571548150510204,0.0021324936224489,0.0,0.0856209769845008,0.0856209769845008,0.0856209769845008,0.0365402437746524,0.0954007729887962,0.0185445491224527,0.0150662288069725,Ultrasound,OMNI_007027
0.2197824567556381,0.2271754592657089,0.4633091517857143,0.0106026785714285,0.0,0.2197824567556381,0.2197824567556381,0.2197824567556381,0.0845196917653083,0.1654780954122543,0.0203008223325014,0.0185790900141,Ultrasound,OMNI_007055
0.6810251474380493,0.1373872011899948,0.0014748086734693,0.1074418048469387,0.8803611288265306,0.8263953328132629,0.5918152332305908,0.7591004371643066,0.0192493051290512,0.0230051018297672,0.0840344801545143,0.073700301349163,Microscopy,OMNI_005095
0.462464690208435,0.2530834376811981,0.0217833227040816,0.1190609056122449,0.0,0.4624646604061126,0.4624646604061126,0.4624646604061126,0.1119794771075248,0.1317745149135589,0.0374075211584568,0.0313133560121059,MRI,OMNI_001003
0.1766775995492935,0.1051668673753738,0.3764495985727029,0.0,0.0,0.1766775995492935,0.1766775995492935,0.1766775995492935,0.014705715700984,0.0903435125946998,0.0057791229337453,0.0087889824062585,X-ray,OMNI_002041
0.5803706645965576,0.298171728849411,0.1371285294049521,0.1875593542260208,0.0,0.5804075002670288,0.5803447961807251,0.5804075002670288,0.1143395975232124,0.2097627371549606,0.0159765668213367,0.0180089641362428,X-ray,OMNI_002007
0.3554753363132477,0.0716327354311943,0.0161671780261523,0.0,0.6754850812899246,0.4538357257843017,0.3179927468299866,0.2904976010322571,0.019134622067213,0.0308635309338569,0.0076877656392753,0.0072453604079782,Dermatology,OMNI_004100
0.5596218705177307,0.0833193883299827,0.0004037037037037,0.0,0.2347703703703703,0.650927722454071,0.5136964321136475,0.5566205978393555,0.017285581678152,0.0447007194161415,0.0100820893421769,0.009409480728209,Dermatology,OMNI_004087
0.6509189009666443,0.1094682738184928,0.0,0.0267859539853418,0.331619640795726,0.70334792137146,0.6378151774406433,0.580880343914032,0.0454926043748855,0.0443804040551185,0.0326444990932941,0.0358114168047905,Dermatology,OMNI_004045
0.4719634056091308,0.148173913359642,0.0350494384765625,0.001220703125,0.0,0.4719634056091308,0.4719634056091308,0.4719634056091308,0.0811651647090911,0.1062205135822296,0.0111695630475878,0.0129435798153281,X-ray,OMNI_002025
0.3647044003009796,0.3119490444660187,0.4585857780612244,0.0898038903061224,0.0,0.3647044003009796,0.3647044003009796,0.3647044003009796,0.1593482941389084,0.1766685545444488,0.0383532121777534,0.0391708612442016,MRI,OMNI_001005
0.0427959449589252,0.1037189662456512,0.8846460459183674,0.0014349489795918,0.0,0.0427959449589252,0.0427959449589252,0.0427959449589252,0.0315556898713111,0.0479080118238925,0.0097771510481834,0.010197632946074,Ultrasound,OMNI_007072
0.3059470057487488,0.1224990412592887,0.0321568111283529,0.0017588949235202,0.4333012358678785,0.3861195147037506,0.2546650767326355,0.3597272038459778,0.0113594494760036,0.0187120642513036,0.024153247475624,0.0251332726329565,Microscopy,OMNI_005080
0.6744095087051392,0.1689321249723434,0.0010385513305664,0.0833854675292968,0.1853837966918945,0.7166544795036316,0.6586369872093201,0.6448240876197815,0.098968282341957,0.0609082244336605,0.0070663434453308,0.0075291697867214,Dermatology,OMNI_004021
0.1193344965577125,0.1463837921619415,0.7388272849462365,0.0020870085685483,0.0,0.1193344891071319,0.1193344891071319,0.1193344891071319,0.1193463280797004,0.0087389247491955,0.0278332233428955,0.0356401614844799,OCT,OMNI_006003
0.1945060938596725,0.2036229223012924,0.4763632015306122,0.0035873724489795,0.0,0.1945060789585113,0.1945060789585113,0.1945060789585113,0.0489557869732379,0.1517479866743087,0.0236002244055271,0.0198465045541524,Ultrasound,OMNI_007033
0.1606152653694152,0.2272730618715286,0.7293128188775511,0.0174186862244897,0.0,0.1606152653694152,0.1606152653694152,0.1606152653694152,0.0714765936136245,0.156663104891777,0.0189814381301403,0.0220347233116626,MRI,OMNI_001011
0.2764674127101898,0.2373068332672119,0.4148796237244898,0.001773756377551,0.0,0.2764674127101898,0.2764674127101898,0.2764674127101898,0.1112461909651756,0.1387928128242492,0.0304110012948513,0.0268139764666557,MRI,OMNI_001006
0.250997930765152,0.1120959445834159,0.1311015831134564,0.0005359498680738,0.0,0.250997930765152,0.250997930765152,0.250997930765152,0.0275789909064769,0.0857200622558593,0.0081369476392865,0.01136901602149,X-ray,OMNI_002036
0.5273394584655762,0.0279638916254043,0.0,0.0,0.0,0.5273394584655762,0.5273394584655762,0.5273394584655762,0.0060714273713529,0.0111969979479908,0.0046710958704352,0.0050804768688976,Microscopy,OMNI_005070
0.1428448855876922,0.1381096839904785,0.7029202368951613,0.0014123403897849,0.0,0.1428448855876922,0.1428448855876922,0.1428448855876922,0.0764987766742706,0.019600361585617,0.0206080321222543,0.0220656376332044,OCT,OMNI_006047
0.1389501243829727,0.1714798063039779,0.6226084183673469,0.0026506696428571,0.0,0.1389501243829727,0.1389501243829727,0.1389501243829727,0.0809651315212249,0.1016716137528419,0.0261863935738801,0.0192302279174327,Ultrasound,OMNI_007077
0.561771035194397,0.120832934975624,0.0,0.0009666259666259,0.0017112517112517,0.5868246555328369,0.5541582703590393,0.5352595448493958,0.0360993519425392,0.0976239889860153,0.01588861271739,0.0138166444376111,Dermatology,OMNI_004070
0.1321924328804016,0.0386636406183242,0.7566697862413194,0.0006493462456597,0.0,0.1321924328804016,0.1321924328804016,0.1321924328804016,0.022543890401721,0.0087680285796523,0.0029420617502182,0.0027507422491908,Fundus,OMNI_003006
0.6381388306617737,0.2328883409500122,0.1075520833333333,0.0049479166666666,0.0741536458333333,0.6694142818450928,0.6207668781280518,0.6455592513084412,0.1696827709674835,0.1112910285592079,0.0105799371376633,0.0099286530166864,Microscopy,OMNI_005009
0.4422872960567474,0.0823747217655181,0.0,0.0,0.6983478932002998,0.3173696100711822,0.4661186039447784,0.6472117900848389,0.0247443467378616,0.038040142506361,0.0338579155504703,0.0341059006750583,Fundus,OMNI_003018
0.2525695562362671,0.3315500915050506,0.5863560267857143,0.0827088647959183,0.0,0.2525695264339447,0.2525695264339447,0.2525695264339447,0.2363318502902984,0.1085655689239502,0.054603636264801,0.0369232892990112,CT,OMNI_000027
0.5988693237304688,0.1201185509562492,0.0007142799165591,0.0,1.0,0.7928757667541504,0.511226236820221,0.5413123369216919,0.0455388389527797,0.0700199529528617,0.0076107513159513,0.0066414414905011,Dermatology,OMNI_004006
0.5214810371398926,0.1694819629192352,0.0121502209131075,0.0135380083833692,0.8819870850798686,0.6363181471824646,0.491336315870285,0.3755046129226684,0.1465230137109756,0.037854216992855,0.0222117491066455,0.0168073642998933,Dermatology,OMNI_004032
0.4818658828735351,0.2907163202762604,0.1980370774263904,0.0946135496183206,0.0,0.4818658828735351,0.4818658828735351,0.4818658828735351,0.0561290197074413,0.2516508400440216,0.0070277974009513,0.0662837997078895,X-ray,OMNI_002013
0.2091417908668518,0.2953180074691772,0.6012236926020408,0.0364317602040816,0.0,0.2091417908668518,0.2091417908668518,0.2091417908668518,0.2079085856676101,0.0987520217895507,0.0387072749435901,0.0269768014550209,CT,OMNI_000058
0.6606496572494507,0.0861240625381469,0.0,0.0674503105590062,0.7761024844720497,0.7892124652862549,0.5857304334640503,0.7092224955558777,0.0217114351689815,0.0197050999850034,0.0164765398949384,0.0143845435231924,Microscopy,OMNI_005054
0.5279133915901184,0.0233215782791376,0.0,0.0,0.0,0.5279133915901184,0.5279133915901184,0.5279133915901184,0.0057715559378266,0.006744700949639,0.0045741181820631,0.0046464893966913,Microscopy,OMNI_005020
0.1700126826763153,0.2519345581531524,0.6762794961734694,0.0099649234693877,0.0,0.1700126826763153,0.1700126826763153,0.1700126826763153,0.1142796725034713,0.1430151909589767,0.0238382574170827,0.0277620255947113,MRI,OMNI_001063
0.4792997241020202,0.2725979387760162,0.1551599502563476,0.0971050262451171,0.0,0.4792997241020202,0.4792997241020202,0.4792997241020202,0.2136560380458831,0.0871313288807869,0.0071079032495617,0.0073742866516113,X-ray,OMNI_002032
0.4581605494022369,0.3670312762260437,0.2742546237244898,0.1861447704081632,0.0,0.4581605494022369,0.4581605494022369,0.4581605494022369,0.2590771317481994,0.1524523198604583,0.025310181081295,0.0197657980024814,CT,OMNI_000035
0.1680623739957809,0.1372760981321334,0.4909236947791164,0.0,0.0,0.1680623739957809,0.1680623739957809,0.1680623739957809,0.0090095205232501,0.0864409729838371,0.013539052568376,0.0166848395019769,X-ray,OMNI_002019
0.5872026085853577,0.1179318726062774,0.0057550696725954,0.0091820550583437,0.9807182508213436,0.7171269655227661,0.5542362928390503,0.4161840677261352,0.0677134543657302,0.0579426661133766,0.0282750744372606,0.0234045628458261,Dermatology,OMNI_004040
0.8083587884902954,0.0769241601228714,0.0,0.381806075763746,0.3541075571737825,0.9113891124725342,0.7651772499084473,0.7604773044586182,0.0216077100485563,0.0590079650282859,0.0020883101969957,0.0021569477394223,Dermatology,OMNI_004084
0.1374216377735138,0.0579828210175037,0.6426942198426573,0.0013043597027972,0.0,0.1374216377735138,0.1374216377735138,0.1374216377735138,0.0353233478963375,0.0190421417355537,0.0040455958805978,0.0029202869627624,X-ray,OMNI_002020
0.7350732088088989,0.0711479261517524,0.0,0.0081544905296712,0.3373078050605016,0.7800759077072144,0.726904571056366,0.6591008305549622,0.0172700434923172,0.0263068825006485,0.0126140154898166,0.0182348359376192,Dermatology,OMNI_004001
0.1163567155599594,0.2023698836565017,0.7521125637755102,0.0033880739795918,0.0,0.1163567155599594,0.1163567155599594,0.1163567155599594,0.1069666892290115,0.0638783127069473,0.0260035526007413,0.0243000350892543,MRI,OMNI_001012
0.4499029815196991,0.0671522244811058,4.474222883412937e-05,0.0,0.6982360376282144,0.3323380649089813,0.4724388420581817,0.6422132849693298,0.0239106770604848,0.02761185541749,0.025623807683587,0.0251367855817079,Fundus,OMNI_003031
0.4535055756568908,0.3614763915538788,0.2127710459183673,0.2766462053571428,0.0,0.4535055756568908,0.4535055756568908,0.4535055756568908,0.2440339177846908,0.1112760677933693,0.0381216146051883,0.0296430438756942,CT,OMNI_000044
0.411734402179718,0.3325171768665313,0.2132692920918367,0.1974449936224489,0.0,0.411734402179718,0.411734402179718,0.411734402179718,0.1898242682218551,0.1857794225215912,0.0273381657898426,0.022110715508461,CT,OMNI_000073
0.4176471829414367,0.2527635097503662,0.2163619728713403,0.0006347787402632,0.0,0.4176471829414367,0.4176471829414367,0.4176471829414367,0.0518917888402938,0.2125285118818283,0.0094577353447675,0.0091195898130536,X-ray,OMNI_002075
0.1147105917334556,0.0916427224874496,0.7121619361620795,0.0041153000764525,0.0,0.1147105917334556,0.1147105917334556,0.1147105917334556,0.0397617928683757,0.0549891591072082,0.0038486511912196,0.0049556703306734,X-ray,OMNI_002052
0.6653333902359009,0.1048914715647697,0.000517103407118,0.0174831814236111,0.0,0.6653333902359009,0.6653333902359009,0.6653333902359009,0.0403946004807949,0.040694810450077,0.0138280726969242,0.0128477942198514,Fundus,OMNI_003087
0.2831533551216125,0.2677203118801117,0.3621629284274194,0.0929033833165322,0.0,0.2831533551216125,0.2831533551216125,0.2831533551216125,0.1535330712795257,0.0466850064694881,0.0315135866403579,0.0366239845752716,OCT,OMNI_006042
0.5522339940071106,0.2143804132938385,0.0903861388515459,0.0019760058574995,0.0,0.5522339940071106,0.5522339940071106,0.5522339940071106,0.0535015240311622,0.1781839281320572,0.007288827560842,0.0071243280544877,X-ray,OMNI_002074
0.1407005786895752,0.2016022801399231,0.619758450255102,0.0072544642857142,0.0,0.1407005786895752,0.1407005786895752,0.1407005786895752,0.1483134180307388,0.0751253515481948,0.021947031840682,0.0152835343033075,CT,OMNI_000054
0.1413902938365936,0.1767651140689849,0.7461921938004032,0.0184326171875,0.0,0.1413902938365936,0.1413902938365936,0.1413902938365936,0.1391488164663314,0.0395300202071666,0.0197182912379503,0.0200949143618345,OCT,OMNI_006062
0.652778148651123,0.1331478208303451,0.0001535415649414,0.0060691833496093,0.3579235076904297,0.7355293035507202,0.6145107746124268,0.6327811479568481,0.0704094842076301,0.0546977296471595,0.010725287720561,0.0098972013220191,Dermatology,OMNI_004003
0.649324357509613,0.1160908415913581,0.0,0.0472784273456401,0.7824057867291082,0.7315657734870911,0.6247537136077881,0.5601380467414856,0.0785822868347168,0.0566575154662132,0.0100653851404786,0.0098829437047243,Dermatology,OMNI_004094
0.6891736388206482,0.1192516386508941,0.0048331270825323,0.0050906902793797,0.2442875536652569,0.7636492848396301,0.6615626811981201,0.6360107660293579,0.0528762936592102,0.0948298498988151,0.0052312756888568,0.0037082370836287,Dermatology,OMNI_004080
0.2298291325569152,0.2171227782964706,0.4388950892857143,0.0020727040816326,0.0,0.2298291325569152,0.2298291325569152,0.2298291325569152,0.089387260377407,0.1456130445003509,0.0234229601919651,0.0189373958855867,Ultrasound,OMNI_007046
0.4858461022377014,0.0202456526458263,0.0,0.0,0.0,0.4858461022377014,0.4858461022377014,0.4858461022377014,0.003386495867744,0.008733831346035,0.0062705064192414,0.0064169382676482,Microscopy,OMNI_005021
0.1683948934078216,0.1657785028219223,0.6315642326108871,0.013490738407258,0.0,0.1683948934078216,0.1683948934078216,0.1683948934078216,0.1275092512369156,0.0380033291876316,0.0290036704391241,0.0328038036823272,OCT,OMNI_006088
0.1550062447786331,0.1359989792108535,0.7179386666666666,0.0006373333333333,0.0,0.1550062447786331,0.1550062447786331,0.1550062447786331,0.1056315526366233,0.0095093492418527,0.0261720418930053,0.0229449998587369,OCT,OMNI_006060
0.270343154668808,0.1751487851142883,0.4769810267857143,0.0057198660714285,0.0,0.270343154668808,0.270343154668808,0.270343154668808,0.1052384972572326,0.0679573267698288,0.0234439224004745,0.0220590606331825,MRI,OMNI_001045
0.4858640432357788,0.1495601534843444,0.0161113739013671,0.0,0.172830581665039,0.5282320976257324,0.466946393251419,0.4721498489379883,0.104096844792366,0.0467324815690517,0.005797782447189,0.0059783407486975,Dermatology,OMNI_004014
0.57338547706604,0.0673191398382186,0.00030517578125,0.0,1.0,0.3005368709564209,0.7422588467597961,0.4194649457931518,0.038261242210865,0.0138312978670001,0.0178049281239509,0.0162499230355024,Microscopy,OMNI_005011
0.145733043551445,0.1378717869520187,0.5603683635752689,0.0003990255376344,0.0,0.145733043551445,0.145733043551445,0.145733043551445,0.0879317075014114,0.0180967282503843,0.0516031384468078,0.0672178491950035,OCT,OMNI_006093
0.0306544601917266,0.0768363624811172,0.8607555555555556,0.0,0.1387604938271605,0.0454788468778133,0.0197113547474145,0.0481203608214855,0.0363016612827777,0.0384734533727169,0.001121150678955,0.0011383815435692,Microscopy,OMNI_005081
0.3386034071445465,0.1046763658523559,0.0163504155124653,0.0001731301939058,0.9904201292705448,0.4645461738109588,0.3370355069637298,0.0163531675934791,0.0216537546366453,0.0749445632100105,0.0136639801785349,0.0120922308415174,Fundus,OMNI_003059
0.2620360851287842,0.2938942909240722,0.4878029336734694,0.0289779974489795,0.0,0.2620360851287842,0.2620360851287842,0.2620360851287842,0.1046984866261482,0.1906075626611709,0.0367092005908489,0.0425972901284694,MRI,OMNI_001049
0.6930490732192993,0.1272103637456894,0.0,0.0216316731004613,0.0,0.6930490732192993,0.6930490732192993,0.6930490732192993,0.0124933328479528,0.1182336509227752,0.0072904583066701,0.0094383833929896,X-ray,OMNI_002023
0.252290815114975,0.1787387579679489,0.2631247389478775,0.0034273395766009,0.7934830398557893,0.4082071483135223,0.2050622254610061,0.0865381881594657,0.1074965372681617,0.1158236712217331,0.0036794790066778,0.0036787088029086,Fundus,OMNI_003046
0.5256311297416687,0.1146982833743095,0.0003747940063476,0.0,0.9957504272460938,0.6357866525650024,0.5017549991607666,0.3596557378768921,0.0852524191141128,0.0400279350578784,0.0064019639976322,0.0053469031117856,Dermatology,OMNI_004030
0.4497322738170624,0.0896249935030937,0.0,0.0,0.0,0.44973224401474,0.44973224401474,0.44973224401474,0.0291129611432552,0.0742498636245727,0.0093794222921133,0.0124712018296122,X-ray,OMNI_002061
0.5457347631454468,0.2918932437896728,0.2222277424483306,0.0,0.7777722575516693,0.6571791172027588,0.5039276480674744,0.4687079489231109,0.1434099674224853,0.1684059202671051,0.0104088252410292,0.0117856729775667,Microscopy,OMNI_005014
0.533846378326416,0.2697407603263855,0.0591428248332014,0.2450695465339817,0.5624901051679294,0.6379607319831848,0.4929184913635254,0.4715171456336975,0.1966837495565414,0.0587284192442894,0.0356452837586402,0.0307928714901208,Dermatology,OMNI_004056
0.1464645266532898,0.1548953354358673,0.4779974489795918,0.0010164221938775,0.0,0.1464645266532898,0.1464645266532898,0.1464645266532898,0.1166753396391868,0.055715337395668,0.0156244114041328,0.011389285326004,CT,OMNI_000041
0.0738749429583549,0.128687247633934,0.8177614795918368,0.0028898278061224,0.0,0.0738749429583549,0.0738749429583549,0.0738749429583549,0.0260646920651197,0.0607022009789943,0.022829445078969,0.0198937654495239,Ultrasound,OMNI_007001
0.0513169690966606,0.0995327308773994,0.7870024691358025,0.0,0.212720987654321,0.072012260556221,0.0353616476058959,0.0791931226849556,0.0538053587079048,0.0504807382822036,0.0020444798283278,0.0020175883546471,Microscopy,OMNI_005096
0.8510574698448181,0.1062715128064155,0.0,0.5623478260869565,0.0420155279503105,0.8581610321998596,0.8423851132392883,0.8770807385444641,0.0148181244730949,0.0263368804007768,0.0226683970540761,0.0209743957966566,Microscopy,OMNI_005064
0.6674532294273376,0.3033386468887329,0.1582161458333333,0.3298958333333333,0.0675130208333333,0.6928906440734863,0.6540116667747498,0.6699488162994385,0.1714322566986084,0.1747857332229614,0.0110693909227848,0.0109105249866843,Microscopy,OMNI_005065
0.6794121265411377,0.232883334159851,0.0726840313244807,0.2704797412325502,0.0,0.6794121265411377,0.6794121265411377,0.6794121265411377,0.0913733914494514,0.1439926624298095,0.0082552880048751,0.0077216839417815,X-ray,OMNI_002010
0.483974814414978,0.3687094449996948,0.2135283801020408,0.2792370854591837,0.0,0.4839747548103332,0.4839747548103332,0.4839747548103332,0.2727554142475128,0.1922107189893722,0.0299911443144083,0.0182835143059492,CT,OMNI_000096
0.2546641528606415,0.1750096082687378,0.3979840039577836,0.0,0.0,0.2546641528606415,0.2546641528606415,0.2546641528606415,0.0498457215726375,0.1465086638927459,0.0166808366775512,0.017385222017765,X-ray,OMNI_002097
0.1288429498672485,0.1399275809526443,0.607780612244898,0.0002192283163265,0.0,0.1288429498672485,0.1288429498672485,0.1288429498672485,0.0594756677746772,0.0726715847849845,0.0254045445472002,0.0257361568510532,MRI,OMNI_001056
0.6554996967315674,0.1874293386936187,0.0034877232142857,0.1979033801020408,0.7804727359693877,0.7832462787628174,0.5744028091430664,0.7380228638648987,0.031898058950901,0.0296796187758445,0.0786443278193473,0.0958429500460624,Microscopy,OMNI_005076
0.1447252333164215,0.1682537496089935,0.5649314413265306,0.0012755102040816,0.0,0.1447252333164215,0.1447252333164215,0.1447252333164215,0.0713022425770759,0.1082669422030448,0.0290429405868053,0.0274834055453538,Ultrasound,OMNI_007024
0.4556227326393127,0.2063100188970565,0.0486396005333787,0.0179986949243907,0.7991942576673192,0.5308875441551208,0.4266856014728546,0.4072184264659881,0.0959760770201683,0.1099470481276512,0.0246363524347543,0.0250230152159929,Dermatology,OMNI_004064
0.0957483872771263,0.1515334546566009,0.7506975446428571,0.0016741071428571,0.0,0.0957483872771263,0.0957483872771263,0.0957483872771263,0.0297443624585866,0.1066240072250366,0.019090250134468,0.018051840364933,Ultrasound,OMNI_007083
0.6924479007720947,0.0923349782824516,0.0,0.0471366459627329,0.0526739130434782,0.7297337651252747,0.6677699089050293,0.7217243909835815,0.0204084143042564,0.0171519182622432,0.0147845409810543,0.0130081959068775,Microscopy,OMNI_005091
0.1340545713901519,0.2007763087749481,0.7117147640306123,0.0045639349489795,0.0,0.1340545713901519,0.1340545713901519,0.1340545713901519,0.1244912892580032,0.0740282163023948,0.044427752494812,0.0335864424705505,CT,OMNI_000001
0.3333605527877807,0.327212393283844,0.4360251913265306,0.0792809311224489,0.0,0.3333605527877807,0.3333605527877807,0.3333605527877807,0.0730325132608413,0.2580879032611847,0.0316557213664054,0.0431586094200611,CT,OMNI_000071
0.1307265907526016,0.1800204962491989,0.6498126594387755,0.0015146683673469,0.0,0.1307265907526016,0.1307265907526016,0.1307265907526016,0.0489030294120311,0.1061545386910438,0.025358147919178,0.0242490824311971,Ultrasound,OMNI_007007
0.1144965812563896,0.1376592963933944,0.7002152423469388,0.002391581632653,0.0,0.1144965812563896,0.1144965812563896,0.1144965812563896,0.0533948577940464,0.0635512322187423,0.0226143393665552,0.0323323756456375,MRI,OMNI_001052
0.4422653019428253,0.2346660643815994,0.1555652618408203,0.0096282958984375,0.0,0.4422652721405029,0.4422652721405029,0.4422652721405029,0.048567745834589,0.1915998458862304,0.0098820757120847,0.0113699920475482,X-ray,OMNI_002030
0.3620810210704803,0.46604785323143,0.6102718431122449,0.3326889349489796,0.0,0.3620810210704803,0.3620810210704803,0.3620810210704803,0.2328884154558181,0.2939436137676239,0.0262002106755971,0.0346150361001491,MRI,OMNI_001032
0.1212810948491096,0.127125084400177,0.6256377551020408,0.0023517219387755,0.0,0.1212810948491096,0.1212810948491096,0.1212810948491096,0.0372041873633861,0.067309595644474,0.0216964371502399,0.0275514684617519,MRI,OMNI_001087
0.4032991230487823,0.0889008194208145,0.0002572678157962,0.0,0.6980458831556694,0.2773086726665497,0.4249165058135986,0.6224370002746582,0.0331306755542755,0.0456695742905139,0.0245741754770278,0.0231890995055437,Fundus,OMNI_003045
0.0852435529232025,0.1954308450222015,0.8415776466836735,0.0099449936224489,0.0,0.0852435529232025,0.0852435529232025,0.0852435529232025,0.0878569409251213,0.0910661518573761,0.0134875355288386,0.0112409871071577,Ultrasound,OMNI_007018
0.1325403600931167,0.1390588581562042,0.6005062181122449,5.978954081632653e-05,0.0,0.1325403600931167,0.1325403600931167,0.1325403600931167,0.0553542226552963,0.0873843356966972,0.0225175395607948,0.0241900477558374,MRI,OMNI_001095
0.0700373947620391,0.0900754481554031,0.8500677614795918,0.0,0.0,0.0700373947620391,0.0700373947620391,0.0700373947620391,0.04463766887784,0.0454445071518421,0.0050972858443856,0.0052962219342589,MRI,OMNI_001065
0.4338807463645935,0.285617858171463,0.0,0.1708187181122449,0.0,0.4338807463645935,0.4338807463645935,0.4338807463645935,0.1684120297431945,0.0953779444098472,0.0628999173641204,0.0516522526741027,CT,OMNI_000045
0.1896962523460388,0.0844007357954979,0.2385306666666666,0.0003653333333333,0.0,0.1896962523460388,0.1896962523460388,0.1896962523460388,0.0420062243938446,0.0432280711829662,0.0229344330728054,0.0216432269662618,OCT,OMNI_006080
0.1084798872470855,0.1912285536527633,0.7524912308673469,0.0072544642857142,0.0,0.1084798797965049,0.1084798797965049,0.1084798797965049,0.0642024502158165,0.1191838532686233,0.0174101237207651,0.0194685719907283,MRI,OMNI_001040
0.5509556531906128,0.3786392509937286,0.2131098533163265,0.3967036033163265,0.0,0.5509556531906128,0.5509556531906128,0.5509556531906128,0.2724259197711944,0.1745040714740753,0.0322410687804222,0.0260881800204515,CT,OMNI_000066
0.4770273864269256,0.0626893863081932,0.0,0.0,0.6983478932002998,0.3340947329998016,0.510278046131134,0.6807006001472473,0.0166024453938007,0.0241858381778001,0.0287509988993406,0.0266885310411453,Fundus,OMNI_003076
0.3629990220069885,0.3399376571178436,0.3450088500976562,0.1918411254882812,0.0,0.3629990220069885,0.3629990220069885,0.3629990220069885,0.329811155796051,0.0080926436930894,0.0277713220566511,0.0328957922756671,OCT,OMNI_006038
0.2620348334312439,0.1541964262723922,0.144351881377551,0.0067761479591836,0.0,0.2620348334312439,0.2620348334312439,0.2620348334312439,0.0431741774082183,0.0742367878556251,0.0265219323337078,0.0338192917406559,MRI,OMNI_001036
0.5833262205123901,0.3442836701869964,0.2689687271564328,0.1282851905153508,0.4447842425073099,0.626465916633606,0.5734906196594238,0.5208237767219543,0.0723834261298179,0.2852626740932464,0.0037623611278831,0.0044741975143551,Fundus,OMNI_003029
0.688292920589447,0.1446924656629562,0.0,0.0183115005493164,0.5900564193725586,0.783565878868103,0.6652190685272217,0.5572203993797302,0.0647416338324546,0.0969511494040489,0.005294450558722,0.0061499415896832,Dermatology,OMNI_004024
0.4977396130561828,0.2301362603902816,0.1034116744995117,0.0119276046752929,0.0,0.4977396130561828,0.4977396130561828,0.4977396130561828,0.0741581544280052,0.1846825033426284,0.0110411513596773,0.0128118088468909,X-ray,OMNI_002028
0.2194748669862747,0.1266804039478302,0.2116118611360256,0.0015725285093594,0.0,0.2194747179746627,0.2194750607013702,0.2194742560386657,0.0969329476356506,0.0103982910513877,0.0228283684700727,0.0215588733553886,OCT,OMNI_006039
0.5808380842208862,0.1136454120278358,7.459852430555556e-05,0.011627197265625,0.0,0.5808380842208862,0.5808380842208862,0.5808380842208862,0.0769365280866622,0.038020871579647,0.0127658089622855,0.008830239996314,Fundus,OMNI_003057
0.4551465511322021,0.3547768294811249,0.2128109056122449,0.2490035076530612,0.0,0.4551465511322021,0.4551465511322021,0.4551465511322021,0.2052607089281082,0.1252922266721725,0.0577285923063755,0.0513839982450008,CT,OMNI_000026
0.536219596862793,0.2895803451538086,0.1593513488769531,0.1157112121582031,0.0,0.536219596862793,0.536219596862793,0.536219596862793,0.0606097914278507,0.2514226138591766,0.0076429210603237,0.0113874385133385,X-ray,OMNI_002038
0.5662362575531006,0.1153876855969429,0.0008375379774305,0.0039384629991319,0.0,0.5662362575531006,0.5662362575531006,0.5662362575531006,0.0317641086876392,0.0711494609713554,0.0133167952299118,0.0115152271464467,Fundus,OMNI_003027
0.1240778341889381,0.1462899148464203,0.6001674107142857,0.0013950892857142,0.0,0.1240778341889381,0.1240778341889381,0.1240778341889381,0.042646650224924,0.0941526517271995,0.0185087490826845,0.0163312852382659,Ultrasound,OMNI_007082
0.308339774608612,0.3136934638023376,0.4032914356518817,0.1443317372311827,0.0,0.308339774608612,0.308339774608612,0.308339774608612,0.2921801507472992,0.0468126535415649,0.0286657512187957,0.0329580642282962,OCT,OMNI_006085
0.3655163049697876,0.2870853841304779,0.3773992521811383,0.0,0.1878687162442875,0.3848365545272827,0.3454062938690185,0.4183917939662933,0.1297493427991867,0.1663045138120651,0.0149579718708992,0.0147789493203163,Microscopy,OMNI_005001
0.2561960816383362,0.3712356388568878,0.7687141262755102,0.192641900510204,0.0,0.2561960816383362,0.2561960816383362,0.2561960816383362,0.2321556508541107,0.1036943569779396,0.0390017516911029,0.0341350436210632,MRI,OMNI_001017
0.1894070357084274,0.0922422036528587,0.312272,0.0001786666666666,0.0,0.1894070357084274,0.1894070357084274,0.1894070357084274,0.0629085972905159,0.0125866774469614,0.0223751366138458,0.019169894978404,OCT,OMNI_006094
0.1934259831905365,0.2474246621131897,0.5735212053571429,0.0282206632653061,0.0,0.1934259831905365,0.1934259831905365,0.1934259831905365,0.1802645176649093,0.0755551978945732,0.0429728664457798,0.0296527836471796,CT,OMNI_000007
0.1922974735498428,0.2342539429664611,0.5397688277818448,0.0135403321742313,0.1892772579612006,0.219866544008255,0.1843855828046798,0.1607285588979721,0.0718790888786315,0.1892530769109726,0.0038060625083744,0.0035629256162792,Fundus,OMNI_003039
0.6650177240371704,0.1290637403726577,0.0,0.0912388392857142,0.6781728316326531,0.7674744129180908,0.5956822633743286,0.7533103823661804,0.0245735011994838,0.0485074892640113,0.0399523898959159,0.047395147383213,Microscopy,OMNI_005072
0.5136414170265198,0.2191941142082214,0.1191797858464525,0.0002325557881113,0.0,0.5136414170265198,0.5136414170265198,0.5136414170265198,0.0754284858703613,0.1755336970090866,0.0098890708759427,0.0106788016855716,X-ray,OMNI_002094
0.2530039548873901,0.3118502795696258,0.5783043686224489,0.0470145089285714,0.0,0.2530039250850677,0.2530039250850677,0.2530039250850677,0.2192404121160507,0.1342912018299102,0.0335520543158054,0.0256008896976709,CT,OMNI_000032
0.1602341830730438,0.1327067166566848,0.4411471619897959,0.0009367028061224,0.0,0.1602341830730438,0.1602341830730438,0.1602341830730438,0.0620108358561992,0.0524184368550777,0.0270666144788265,0.026458578184247,Ultrasound,OMNI_007090
0.2056657075881958,0.3077093064785003,0.6504902742346939,0.0603077168367346,0.0,0.2056657075881958,0.2056657075881958,0.2056657075881958,0.2705047130584717,0.0534098260104656,0.0197026785463094,0.0232811737805604,CT,OMNI_000049
0.1181434318423271,0.1540001481771469,0.6554528061224489,0.0019331951530612,0.0,0.1181434318423271,0.1181434318423271,0.1181434318423271,0.0669499114155769,0.0827580317854881,0.0183370541781187,0.0153737403452396,Ultrasound,OMNI_007098
0.3564815819263458,0.1482154726982116,0.0748425632822899,0.0001789689153365,0.5939419022158589,0.2888079881668091,0.3587323427200317,0.5223867297172546,0.0617156289517879,0.0897092297673225,0.0253937374800443,0.027362935245037,Fundus,OMNI_003054
0.1844540983438491,0.3138818442821502,0.7177335778061225,0.0634566326530612,0.0,0.1844540983438491,0.1844540983438491,0.1844540983438491,0.1774065196514129,0.1246310845017433,0.0440272092819213,0.0365037508308887,CT,OMNI_000078
0.1415131986141204,0.145156443119049,0.613270749327957,0.0016564810147849,0.0,0.1415131986141204,0.1415131986141204,0.1415131986141204,0.110262706875801,0.0221719853579998,0.0407120436429977,0.0541433915495872,OCT,OMNI_006048
0.3938232660293579,0.2313873618841171,0.1690051020408163,0.0041254783163265,0.0,0.3938232660293579,0.3938232660293579,0.3938232660293579,0.0826591625809669,0.1400792747735977,0.032870065420866,0.0424014925956726,MRI,OMNI_001050
0.4407859444618225,0.3490109443664551,0.2130500637755102,0.2397560586734693,0.0,0.4407859444618225,0.4407859444618225,0.4407859444618225,0.2010057866573333,0.1560716181993484,0.0290003102272748,0.0239655170589685,CT,OMNI_000076
0.1446779668331146,0.1732147783041,0.5904017857142857,0.0027702487244897,0.0,0.1446779668331146,0.1446779668331146,0.1446779668331146,0.0635058805346489,0.1034997776150703,0.0342312939465045,0.0319693572819232,Ultrasound,OMNI_007075
0.6238486766815186,0.0977435037493705,1.0700909577314071e-05,2.4077046548956665e-05,0.0,0.6238486766815186,0.6238486766815186,0.6238486766815186,0.0687320008873939,0.0281857270747423,0.0227611046284437,0.0218778662383556,X-ray,OMNI_002062
0.4273096323013305,0.3421631753444671,0.2124720982142857,0.2194276147959183,0.0,0.4273096323013305,0.4273096323013305,0.4273096323013305,0.1963958740234375,0.1039691790938377,0.0260639227926731,0.0202220790088176,CT,OMNI_000009
0.4294767677783966,0.2765539288520813,0.2728712939238653,0.0068988492862371,0.519708546852123,0.5047733187675476,0.4084774851799011,0.3401162922382355,0.0614820569753646,0.2475905120372772,0.0029354989528656,0.0035650522913783,Fundus,OMNI_003082
0.0899622365832328,0.1712439805269241,0.7938855229591837,0.0015146683673469,0.0,0.0899622365832328,0.0899622365832328,0.0899622365832328,0.0728121101856231,0.0895357578992843,0.0186928454786539,0.0184076316654682,MRI,OMNI_001073
0.3871335387229919,0.1141315847635269,0.0089372602096173,0.0,0.6920839811635217,0.304056853055954,0.396354466676712,0.5575480461120605,0.0419662818312644,0.0645080134272575,0.0262084919959306,0.0272760093212127,Fundus,OMNI_003085
0.1586935669183731,0.1875360608100891,0.7932676977040817,0.0128148915816326,0.0,0.1586935669183731,0.1586935669183731,0.1586935669183731,0.0643946155905723,0.1036128997802734,0.0266699958592653,0.0270854551345109,MRI,OMNI_001020
0.7262477874755859,0.0812936648726463,0.0,0.1130652173913043,0.8054316770186335,0.8477806448936462,0.6424561142921448,0.8389444947242737,0.0122626051306724,0.0256024878472089,0.0161096081137657,0.0216376893222332,Microscopy,OMNI_005082
0.1629494726657867,0.1610484272241592,0.5629982461734694,0.0001594387755102,0.0,0.1629494726657867,0.1629494726657867,0.1629494726657867,0.1143810600042343,0.0628774538636207,0.0225136931985616,0.0195390712469816,MRI,OMNI_001081
0.171375036239624,0.2638833224773407,0.6768375318877551,0.0137515943877551,0.0,0.171375036239624,0.171375036239624,0.171375036239624,0.1653761714696884,0.0912028402090072,0.0282649397850036,0.0254568308591842,MRI,OMNI_001034
0.1147764772176742,0.1528886407613754,0.6758011798469388,0.0014947385204081,0.0,0.1147764772176742,0.1147764772176742,0.1147764772176742,0.0463617928326129,0.0995007008314132,0.0199558641761541,0.016492461785674,Ultrasound,OMNI_007032
0.5279416441917419,0.1598522067070007,0.0047174070061394,0.0193831256771397,0.9904861863488624,0.7556380033493042,0.4469551742076874,0.3477471172809601,0.1091261208057403,0.0484992042183876,0.0363431833684444,0.0360150337219238,Dermatology,OMNI_004054
0.1117631867527961,0.1264619082212448,0.5277698343704246,0.0,0.1414600109809663,0.1426624953746795,0.1027283668518066,0.0772416517138481,0.0474723726511001,0.1010269969701767,0.0024149555247277,0.0022614996414631,Fundus,OMNI_003036
0.1722544431686401,0.2115236222743988,0.6721152028729839,0.0414054624495967,0.0,0.1722544431686401,0.1722544431686401,0.1722544431686401,0.1316902488470077,0.0440937206149101,0.0223561450839042,0.0231558009982109,OCT,OMNI_006027
0.2267728447914123,0.1178431883454322,0.168652711932191,0.0013123818176876,0.0,0.2267728447914123,0.2267726808786392,0.226773589849472,0.0867192596197128,0.0103170312941074,0.0256582163274288,0.0249162763357162,OCT,OMNI_006014
0.6029136180877686,0.2555431127548218,0.0452794830371567,0.1863721055465805,0.0022121701669359,0.6030558943748474,0.603111207485199,0.6015233397483826,0.1888193488121032,0.0906226485967636,0.002389786299318,0.0022701325360685,X-ray,OMNI_002051
0.389033704996109,0.300770103931427,0.3350486755371094,0.0458246866861979,0.6347300211588541,0.528681755065918,0.3465041220188141,0.2417538911104202,0.12691430747509,0.2139675766229629,0.0075118043459951,0.0076643675565719,Fundus,OMNI_003014
0.2482935935258865,0.2288731187582016,0.3132822403951138,0.0466681047432712,0.6524129917855599,0.3371151089668274,0.2284585386514663,0.1174652576446533,0.1507721990346908,0.1299702823162078,0.0037727456074208,0.0037428576033562,Fundus,OMNI_003051
0.1808190643787384,0.2606933414936065,0.6371372767857143,0.0344188456632653,0.0,0.1808190643787384,0.1808190643787384,0.1808190643787384,0.1634776145219802,0.1099057346582412,0.0324052236974239,0.026198798790574,CT,OMNI_000063
0.1857203841209411,0.2678675055503845,0.6220902423469388,0.0397002551020408,0.0,0.1857203841209411,0.1857203841209411,0.1857203841209411,0.1839534640312194,0.1016781479120254,0.0380305498838424,0.0275038946419954,CT,OMNI_000043
0.3172275125980377,0.1758507341146469,0.2172368367513021,0.0,0.7815678914388021,0.4855583012104034,0.2655107676982879,0.142024278640747,0.056832455098629,0.1420109122991562,0.0030922186560928,0.0036132952664047,Fundus,OMNI_003049
0.6183529496192932,0.0775941908359527,1.5219032313049407e-06,0.0,1.0,0.804091215133667,0.5324392318725586,0.573576807975769,0.0287773944437503,0.0476203076541423,0.0057624513283371,0.0054364842362701,Dermatology,OMNI_004020
0.5025500059127808,0.2108065336942672,0.025311686727391,0.0088254310344827,0.0,0.5025500059127808,0.5025500059127808,0.5025500059127808,0.1089922413229942,0.1244598403573036,0.0131249828264117,0.0149000417441129,X-ray,OMNI_002039
0.1056961119174957,0.1351852267980575,0.6963289221938775,0.0019730548469387,0.0,0.1056961119174957,0.1056961119174957,0.1056961119174957,0.0459947846829891,0.0898070484399795,0.0213908869773149,0.0152886379510164,Ultrasound,OMNI_007078
0.1744031608104705,0.1078619137406349,0.471184,0.000464,0.0,0.1744031608104705,0.1744031608104705,0.1744031608104705,0.0445243567228317,0.0494887866079807,0.0201018303632736,0.0210681017488241,OCT,OMNI_006017
0.1240769773721695,0.1604604125022888,0.6673708545918368,0.0019331951530612,0.0,0.1240769773721695,0.1240769773721695,0.1240769773721695,0.096130684018135,0.0588369034230709,0.0221753288060426,0.0171619653701782,Ultrasound,OMNI_007009
0.1491863131523132,0.1570298224687576,0.5973373724489796,0.0019331951530612,0.0,0.1491863131523132,0.1491863131523132,0.1491863131523132,0.0801193565130233,0.0641629621386528,0.0258200019598007,0.023909306153655,Ultrasound,OMNI_007021
0.2414171993732452,0.1516344398260116,0.3538345025510204,0.0005978954081632,0.0,0.2414171993732452,0.2414171993732452,0.2414171993732452,0.0937236696481704,0.0733163133263588,0.0333897806704044,0.0293470751494169,MRI,OMNI_001092
0.270998865365982,0.1748820394277572,0.2795559630102041,0.0081313775510204,0.0,0.270998865365982,0.270998865365982,0.270998865365982,0.0591464899480342,0.1116948351264,0.0190871879458427,0.0223677475005388,MRI,OMNI_001097
