query_id,image,Question,Option_A,Option_B,Option_C,Option_D,answer,source_dataset,original_question_id,modality
OMNI_000001,Images/000001.png,Is there any discernible anomaly seen in this image?,Yes.,No,,,No,RadImageNet,RadImageNet_9869,CT
OMNI_000004,Images/000004.png,Is there any abnormal finding apparent in this image?,No,Yes.,,,No,RadImageNet,RadImageNet_10397,CT
OMNI_000005,Images/000005.png,Is there any abnormal finding observed in this image?,Yes.,No,,,No,RadImageNet,RadImageNet_9382,CT
OMNI_000007,Images/000007.png,What abnormal finding is depicted in this radiograph?,Heart abnormality,Kidney abnormality,Intestinal abnormality,Bowel abnormality,Bowel abnormality,RadImageNet,RadImageNet_5838,CT
OMNI_000008,Images/000008.png,Is there any visible anomaly observed in this image?,No,Yes.,,,No,RadImageNet,RadImageNet_10542,CT
OMNI_000009,Images/000009.png,What is the term for the anomaly seen in the picture?,Nodule,Mass,Lesion,Hematoma,Nodule,RadImageNet,RadImageNet_3935,CT
OMNI_000010,Images/000010.png,What abnormal finding is depicted in the radiographic image?,Nodule formation,Pleural effusion,Lung consolidation,Airspace opacity,Airspace opacity,RadImageNet,RadImageNet_2343,CT
OMNI_000011,Images/000011.png,What abnormal finding is depicted in the radiographic image?,Dermatological pathology,Venous pathology,Osseous pathology,Arterial pathology,Arterial pathology,RadImageNet,RadImageNet_5165,CT
OMNI_000012,Images/000012.png,What specific abnormality is present in this image?,SARS (Severe Acute Respiratory Syndrome),Pulmonary embolism,Lung cancer,COVID-19 infection.,COVID-19 infection.,Covid CT,Covid CT_0124,CT
OMNI_000013,Images/000013.png,"In capturing this image, what modality is employed?",X-ray,PET scan,CT,MRI,CT,RadImageNet,RadImageNet_0389,CT
OMNI_000014,Images/000014.png,Can any irregularities be detected in this picture?,No,Yes.,,,No,RadImageNet,RadImageNet_9904,CT
OMNI_000018,Images/000018.png,Does this CT scan image suggest COVID-19?,No,Yes,,,No,SARS-CoV-2 CT-scan,SARS-CoV-2 CT-scan_0714,CT
OMNI_000019,Images/000019.png,What can be observed in the image that is considered an abnormality?,Abscess,Polyp,Nodule,Growth,Nodule,RadImageNet,RadImageNet_4539,CT
OMNI_000023,Images/000023.png,What kind of anomaly is depicted in this image?,Osseous neoplasm,Muscular dystrophy,Gastrointestinal bleeding,Endocrine dysfunction,Osseous neoplasm,RadImageNet,RadImageNet_11807,CT
OMNI_000025,Images/000025.png,What imaging technique is employed in capturing this picture?,Nuclear medicine scan,Mammogram,Positron emission tomography (PET),CT,CT,RadImageNet,RadImageNet_1736,CT
OMNI_000026,Images/000026.png,What is the presence in the image that deviates from normal?,Swelling,Nodule,Hematoma,Mass,Nodule,RadImageNet,RadImageNet_4129,CT
OMNI_000027,Images/000027.png,What can be identified as being abnormal in the image?,Lung abnormality,Bladder abnormality,Bowel abnormality,Intestinal abnormality,Bowel abnormality,RadImageNet,RadImageNet_5714,CT
OMNI_000028,Images/000028.png,Do you notice any anomaly present in this image?,Yes.,No,,,No,RadImageNet,RadImageNet_9218,CT
OMNI_000031,Images/000031.png,Is there any obvious sign of irregularity in this image?,No,Yes.,,,No,RadImageNet,RadImageNet_10946,CT
OMNI_000032,Images/000032.png,What abnormal finding is depicted in the radiograph?,Pericardial effusion,Ascites,Appendicitis,Pneumothorax,Ascites,RadImageNet,RadImageNet_5336,CT
OMNI_000034,Images/000034.png,What is the presence that is not normal in the image?,Airspace opacity,Nodule formation,Atelectasis,Pleural effusion,Airspace opacity,RadImageNet,RadImageNet_2523,CT
OMNI_000035,Images/000035.png,What abnormal finding is identified in this radiographic image?,Nodule,Inflammation,Hematoma,Swelling,Nodule,RadImageNet,RadImageNet_4018,CT
OMNI_000039,Images/000039.png,What is the visibility of any abnormalities in this image?,Yes.,No,,,No,RadImageNet,RadImageNet_11003,CT
OMNI_000040,Images/000040.png,What type of abnormality is present in this image?,Spleen lesion,Heart lesion,Pancreatic lesion,Liver lesion,Liver lesion,RadImageNet,RadImageNet_8160,CT
OMNI_000041,Images/000041.png,What kind of anomaly is being observed in this picture?,Soft tissue inflammation,Respiratory infection,Osseous neoplasm,Muscular dystrophy,Osseous neoplasm,RadImageNet,RadImageNet_11780,CT
OMNI_000043,Images/000043.png,What is the abnormality present in the image?,Lymphatic pathology,Arterial pathology,Respiratory pathology,Endocrine pathology,Arterial pathology,RadImageNet,RadImageNet_5187,CT
OMNI_000044,Images/000044.png,What is the specific abnormality in this image?,Bronchiectasis,Interstitial lung disease,Pulmonary hypertension,Pulmonary embolism,Interstitial lung disease,RadImageNet,RadImageNet_7472,CT
OMNI_000045,Images/000045.png,What type of imaging technique is utilized to obtain this visual representation?,Nuclear medicine scan,Fluoroscopy,X-ray,CT,CT,RadImageNet,RadImageNet_1311,CT
OMNI_000046,Images/000046.png,Is this CT image indicative of a patient being infected by cancer?,No,Yes.,,,No,Chest CT Scan,Chest CT Scan_0568,CT
OMNI_000047,Images/000047.png,What is the specific condition depicted in this image?,Pulmonary embolism,Tuberculosis,Influenza,COVID-19 infection.,COVID-19 infection.,SARS-CoV-2 CT-scan,SARS-CoV-2 CT-scan_0336,CT
OMNI_000049,Images/000049.png,What abnormal finding is indicated in the picture?,Bowel inflammation,Liver cirrhosis,Stomach ulcer,Eye infection,Bowel inflammation,RadImageNet,RadImageNet_6241,CT
OMNI_000050,Images/000050.png,Is everything in this image within normal parameters?,No,Yes.,,,No,RadImageNet,RadImageNet_10673,CT
OMNI_000051,Images/000051.png,What is the abnormal finding in the image?,Scar formation,Organ enlargement,Cellular hyperplasia,Parenchyma destruction,Parenchyma destruction,RadImageNet,RadImageNet_4629,CT
OMNI_000054,Images/000054.png,What is the nature of the anomaly observed in this image?,Post-operative changes,Inflammation,Genetic mutation,Infection,Post-operative changes,RadImageNet,RadImageNet_12552,CT
OMNI_000055,Images/000055.png,What imaging technique was used to produce this scan?,MRI,CT,Positron emission tomography (PET),PET scan,CT,RadImageNet,RadImageNet_0909,CT
OMNI_000057,Images/000057.png,What imaging technique is used to produce this image?,CT,Ultrasound,Fluoroscopy,X-ray,CT,SARS-CoV-2 CT-scan,SARS-CoV-2 CT-scan_0008,CT
OMNI_000058,Images/000058.png,Which abnormality is visible in the image?,Bowel abnormality,Bone abnormality,Heart abnormality,Bladder abnormality,Bowel abnormality,RadImageNet,RadImageNet_6106,CT
OMNI_000059,Images/000059.png,Is there any aberration or deviation observed in this image?,No,Yes.,,,No,RadImageNet,RadImageNet_9300,CT
OMNI_000063,Images/000063.png,What is the abnormality present in the image?,Bowel inflammation,Heart arrhythmia,Liver cirrhosis,Eye infection,Bowel inflammation,RadImageNet,RadImageNet_6343,CT
OMNI_000066,Images/000066.png,What kind of irregularity is depicted in this picture?,Lung cancer,Pleural effusion,Interstitial lung disease,Pulmonary embolism,Interstitial lung disease,RadImageNet,RadImageNet_7436,CT
OMNI_000067,Images/000067.png,What is the particular pathology visible in this image?,Uterine pathology,Cervical disease,Thyroid disorder,Colon inflammation,Uterine pathology,RadImageNet,RadImageNet_13824,CT
OMNI_000068,Images/000068.png,What does the image depict in terms of abnormality?,Bowel abnormality,Stomach abnormality,Kidney abnormality,Liver abnormality,Bowel abnormality,RadImageNet,RadImageNet_6028,CT
OMNI_000069,Images/000069.png,What abnormal finding is observed in the radiographic image?,Growth,Nodule,Tumor,Hematoma,Nodule,RadImageNet,RadImageNet_4201,CT
OMNI_000070,Images/000070.png,What abnormal finding is identified in the radiographic image?,Congestion,Vascular dilation,Parenchyma destruction,Cellular hyperplasia,Parenchyma destruction,RadImageNet,RadImageNet_4713,CT
OMNI_000071,Images/000071.png,What is the abnormality present in the image?,Bone fracture,Kidney infection,Bowel inflammation,Gallbladder stones,Bowel inflammation,RadImageNet,RadImageNet_6459,CT
OMNI_000073,Images/000073.png,What abnormal finding is depicted in the radiograph?,Polyp,Hematoma,Nodule,Mass,Nodule,RadImageNet,RadImageNet_3828,CT
OMNI_000076,Images/000076.png,What is the word that describes the abnormality shown in the image?,Nodule,Hematoma,Cyst,Abscess,Nodule,RadImageNet,RadImageNet_3633,CT
OMNI_000077,Images/000077.png,What term describes the anomaly depicted in the image?,Pleural effusion,Nodule formation,Airspace opacity,Pulmonary embolism,Airspace opacity,RadImageNet,RadImageNet_3018,CT
OMNI_000078,Images/000078.png,What is the particular anomaly evident in this image?,Bladder infection,Pulmonary embolism,Splenic lesion,Gastric ulcer,Splenic lesion,RadImageNet,RadImageNet_13414,CT
OMNI_000080,Images/000080.png,What type of abnormality is present in this image?,Skin lesion,Intestinal lesion,Liver lesion,Kidney lesion,Liver lesion,RadImageNet,RadImageNet_8018,CT
OMNI_000081,Images/000081.png,What is the observed anomaly in the image?,Intestinal polyp,Bowel mass,Colon growth,Bowel bulge,Bowel mass,RadImageNet,RadImageNet_6529,CT
OMNI_000082,Images/000082.png,What is the abnormality present in the image?,Nodule formation,Airspace opacity,Pleural effusion,Lung consolidation,Airspace opacity,RadImageNet,RadImageNet_2992,CT
OMNI_000084,Images/000084.png,What condition is indicated by the anomaly seen in this image?,Influenza,COVID-19 infection.,Bronchitis,Pulmonary embolism,COVID-19 infection.,SARS-CoV-2 CT-scan,SARS-CoV-2 CT-scan_0439,CT
OMNI_000090,Images/000090.png,Is there any indication of irregularities in this image?,Yes.,No,,,No,RadImageNet,RadImageNet_9195,CT
OMNI_000091,Images/000091.png,Is anything abnormal detected in this image?,Yes.,No,,,No,RadImageNet,RadImageNet_10285,CT
OMNI_000094,Images/000094.png,Is there any anomaly or deviation observable in this picture?,No,Yes.,,,No,RadImageNet,RadImageNet_8246,CT
OMNI_000095,Images/000095.png,What is the specific type of cancer seen in the image?,Adenocarcinoma of the right upper lobe,Pulmonary embolism in the left lower lobe,Adenocarcinoma of the left lower lobe,Lymphoma of the mediastinum,Adenocarcinoma of the left lower lobe,Chest CT Scan,Chest CT Scan_0327,CT
OMNI_000096,Images/000096.png,Is anything noticeable in this image that suggests abnormality?,Yes.,No,,,No,RadImageNet,RadImageNet_8768,CT
OMNI_000097,Images/000097.png,Does this image reveal any abnormalities?,Yes.,No,,,No,RadImageNet,RadImageNet_8333,CT
OMNI_000100,Images/000100.png,Is there anything wrong detected in this image?,No,Yes.,,,No,RadImageNet,RadImageNet_9588,CT
OMNI_001001,Images/001001.png,What can be observed in this image?,Osseous neoplasm,Renal cyst,Cerebral hemorrhage,Meningitis,Osseous neoplasm,RadImageNet,RadImageNet_49622,MRI
OMNI_001002,Images/001002.png,What can be observed in this image?,Plantar plate tear.,Tarsal tunnel syndrome.,Metatarsal stress fracture.,Bunion formation.,Plantar plate tear.,RadImageNet,RadImageNet_28427,MRI
OMNI_001003,Images/001003.png,What imaging modality was used to capture this image?,Electroencephalogram (EEG),Endoscopy,MRI,X-ray,MRI,RadImageNet,RadImageNet_26714,MRI
OMNI_001005,Images/001005.png,What can be observed in this image?,Bone density loss,Ligament tear,Chondral abnormality,Joint inflammation,Chondral abnormality,RadImageNet,RadImageNet_34586,MRI
OMNI_001006,Images/001006.png,What can be observed in this image?,Muscular dystrophy,Tissue inflammation,Disc pathology,Nerve compression,Disc pathology,RadImageNet,RadImageNet_37054,MRI
OMNI_001007,Images/001007.png,What is the visible content in this image?,Bone fracture,Cyst formation,Tendon tear,Soft tissue fluid,Soft tissue fluid,RadImageNet,RadImageNet_53027,MRI
OMNI_001009,Images/001009.png,What can be observed in this image?,Muscle atrophy,Organ enlargement,Inflammation and swelling,White matter changes,White matter changes,RadImageNet,RadImageNet_56627,MRI
OMNI_001011,Images/001011.png,What type of imaging technique was applied to obtain this image?,MRI,X-ray,Echocardiogram,Bone scan,MRI,RadImageNet,RadImageNet_26869,MRI
OMNI_001012,Images/001012.png,What can be observed in this image?,Meniscal tear,Fracture,Synovial cyst formation,Chondral abnormality,Chondral abnormality,RadImageNet,RadImageNet_33236,MRI
OMNI_001013,Images/001013.png,What can be observed in this image?,Peroneal pathology,Plantar fasciitis,Lumbar disc herniation,Meniscal tear,Peroneal pathology,RadImageNet,RadImageNet_50233,MRI
OMNI_001016,Images/001016.png,What is the observation that can be made from examining this image?,Bursitis.,Joint swelling.,Nerve compression.,Bone inflammation.,Bone inflammation.,RadImageNet,RadImageNet_31952,MRI
OMNI_001017,Images/001017.png,What is the observable feature in this image?,Bone fracture,Irregular heartbeat,Inflammation in the stomach,Soft tissue mass,Soft tissue mass,RadImageNet,RadImageNet_55238,MRI
OMNI_001018,Images/001018.png,What can be observed in this image?,Bursitis,Labral pathology,Meniscal tear,Tendonitis,Labral pathology,RadImageNet,RadImageNet_41866,MRI
OMNI_001020,Images/001020.png,What condition is depicted in this image?,Carpal tunnel syndrome,Achilles pathology.,Arthritis,Tennis elbow,Achilles pathology.,RadImageNet,RadImageNet_28896,MRI
OMNI_001023,Images/001023.png,What is the observed pathological condition in this image?,Labral pathology,Meniscal tear,Nerve compression,Muscle strain,Labral pathology,RadImageNet,RadImageNet_41292,MRI
OMNI_001024,Images/001024.png,What can be observed in this image?,Meniscal abnormality,Arthritis,Bone fracture,Cartilage erosion,Meniscal abnormality,RadImageNet,RadImageNet_43439,MRI
OMNI_001026,Images/001026.png,What can be observed in this image?,Spinal subdural lesions,Ventricular subarachnoid anomalies,Dural epidural abn,Brain intrathecal disorders,Dural epidural abn,RadImageNet,RadImageNet_37895,MRI
OMNI_001031,Images/001031.png,What specific medical imaging technique was utilized to acquire this image?,Echocardiogram,X-ray,Mammography,MRI,MRI,RadImageNet,RadImageNet_27802,MRI
OMNI_001032,Images/001032.png,Is there any anomaly detected in the image?,"I can't say for sure, but it looks abnormal.",It's difficult to determine if there is an abnormality based on this image.,"No, It's normal.","I'm not sure, but there might be a slight abnormality.","No, It's normal.",RadImageNet,RadImageNet_46829,MRI
OMNI_001034,Images/001034.png,What can be observed in this image?,Cartilage degeneration,Bone density loss,Joint inflammation,Chondral abnormality,Chondral abnormality,RadImageNet,RadImageNet_33963,MRI
OMNI_001035,Images/001035.png,What is the condition that can be visualized in this image?,Joint inflammation,Muscle strain,Cartilage degeneration,Labral pathology,Labral pathology,RadImageNet,RadImageNet_41451,MRI
OMNI_001036,Images/001036.png,What type of diagnostic imaging technique produced this picture?,Mammography,MRI,CT scan,PET scan,MRI,RadImageNet,RadImageNet_25486,MRI
OMNI_001037,Images/001037.png,What type of imaging was employed for this image to be obtained?,Echocardiogram,MRI,Electroencephalogram (EEG),Endoscopy,MRI,RadImageNet,RadImageNet_25771,MRI
OMNI_001040,Images/001040.png,What can be observed in this image?,Tendon inflammation,Joint dislocation,Nerve compression,Atfl pathology.,Atfl pathology.,RadImageNet,RadImageNet_30370,MRI
OMNI_001042,Images/001042.png,What can be observed in this image?,Metastatic cancer,Acute inflammation,Hemorrhage,Chronic infarct,Chronic infarct,RadImageNet,RadImageNet_35950,MRI
OMNI_001043,Images/001043.png,What can be observed in this image?,Vascular malformation,Soft tissue edema,Muscle strain,Tumor growth,Soft tissue edema,RadImageNet,RadImageNet_52378,MRI
OMNI_001044,Images/001044.png,Is anything unusual observed in this image?,"I'm not sure, but there might be a slight abnormality.","No, It's normal.","I can't say for sure, but it looks abnormal.","Yes, it shows a significant abnormality.","No, It's normal.",RadImageNet,RadImageNet_47967,MRI
OMNI_001045,Images/001045.png,What is the observable anomaly depicted in this image?,Chondral abnormality,Meniscal tear,Joint inflammation,Nerve compression,Chondral abnormality,RadImageNet,RadImageNet_34459,MRI
OMNI_001046,Images/001046.png,What is the observed content in this image?,Muscular dystrophy,Soft tissue fluid,Tendon tear,Nerve inflammation,Soft tissue fluid,RadImageNet,RadImageNet_53908,MRI
OMNI_001047,Images/001047.png,What can be observed in this image?,Edema,Nerve inflammation,Joint dislocation,Soft tissue fluid collection,Soft tissue fluid collection,RadImageNet,RadImageNet_54621,MRI
OMNI_001049,Images/001049.png,What is the observed observation in this image?,Synovial cyst formation,Chondral abnormality,Muscular imbalance,Meniscal tear,Chondral abnormality,RadImageNet,RadImageNet_35158,MRI
OMNI_001050,Images/001050.png,What can be observed in this image?,Ligament tear,Tendonitis,Bone density loss,Chondral abnormality,Chondral abnormality,RadImageNet,RadImageNet_34154,MRI
OMNI_001052,Images/001052.png,What can be observed in this image?,Tendonitis,Cartilage degeneration,Chondral abnormality,Synovial cyst formation,Chondral abnormality,RadImageNet,RadImageNet_33809,MRI
OMNI_001056,Images/001056.png,Is there anything irregular in this image?,"I can't say for sure, but it looks abnormal.","No, It's normal.","There is a possibility of abnormality, but further tests are needed for confirmation.","I'm not sure, but there might be a slight abnormality.","No, It's normal.",RadImageNet,RadImageNet_47471,MRI
OMNI_001058,Images/001058.png,What is the pathology being observed in this image?,Baker's cyst,Medial collateral ligament (MCL) injury,Patella dislocation,PCL pathology,PCL pathology,RadImageNet,RadImageNet_50227,MRI
OMNI_001060,Images/001060.png,Is there any anomaly detected in this image?,It's difficult to determine if there is an abnormality based on this image.,"Yes, it shows a significant abnormality.","I can't say for sure, but it looks abnormal.","No, It's normal.","No, It's normal.",RadImageNet,RadImageNet_48039,MRI
OMNI_001063,Images/001063.png,What can be observed in this image?,White matter changes,Inflammation and swelling,Organ enlargement,Blood vessel abnormalities,White matter changes,RadImageNet,RadImageNet_56637,MRI
OMNI_001065,Images/001065.png,What can be observed in this image?,Alzheimer's disease.,Normal brain tissue.,Chronic infarct.,Acute infarct.,Acute infarct.,RadImageNet,RadImageNet_29738,MRI
OMNI_001066,Images/001066.png,What can be observed in this image?,Fluid-filled cyst,Soft tissue mass,Bone fracture,Inflammation in the stomach,Soft tissue mass,RadImageNet,RadImageNet_55333,MRI
OMNI_001068,Images/001068.png,What was the imaging technique utilized for capturing this image?,Angiography,Ultrasound,Bone scan,MRI,MRI,RadImageNet,RadImageNet_25297,MRI
OMNI_001070,Images/001070.png,Is this image showing any abnormality?,"No, It's normal.","Yes, it shows a significant abnormality.",It's difficult to determine if there is an abnormality based on this image.,"I can't say for sure, but it looks abnormal.","No, It's normal.",RadImageNet,RadImageNet_46015,MRI
OMNI_001072,Images/001072.png,What can be observed in this image?,Prognosis type of RadImageNet dataset.,post operation type of RadImageNet dataset.,Non-medical type of RadImageNet dataset.,Post-surgery type of RadImageNet dataset.,post operation type of RadImageNet dataset.,RadImageNet,RadImageNet_51296,MRI
OMNI_001073,Images/001073.png,What can be observed in this image?,Achilles pathology.,Tendonitis,Tennis elbow,Carpal tunnel syndrome,Achilles pathology.,RadImageNet,RadImageNet_28915,MRI
OMNI_001075,Images/001075.png,What can be observed in this image?,Enlarged lymph node,Cyst formation,Nerve inflammation,Soft tissue fluid,Soft tissue fluid,RadImageNet,RadImageNet_53473,MRI
OMNI_001077,Images/001077.png,What can be observed in this image?,Spinal misalignment.,Nerve compression.,Cartilage degeneration.,Bone inflammation.,Bone inflammation.,RadImageNet,RadImageNet_31003,MRI
OMNI_001078,Images/001078.png,What type of medical imaging was conducted to produce this image?,X-ray,MRI,Bone scan,Mammography,MRI,RadImageNet,RadImageNet_27803,MRI
OMNI_001079,Images/001079.png,What can be observed in this image?,Congenital abnormalities,Fractured bones,Cystic lesions,Tumor growths,Cystic lesions,RadImageNet,RadImageNet_36230,MRI
OMNI_001080,Images/001080.png,Is there a presence of any abnormalities in this image?,"I'm not sure, but there might be a slight abnormality.","There is a possibility of abnormality, but further tests are needed for confirmation.","I can't say for sure, but it looks abnormal.","No, It's normal.","No, It's normal.",RadImageNet,RadImageNet_46034,MRI
OMNI_001081,Images/001081.png,Does this image show any irregularities?,"I'm not sure, but there might be a slight abnormality.","No, It's normal.","I can't say for sure, but it looks abnormal.","Yes, it shows a significant abnormality.","No, It's normal.",RadImageNet,RadImageNet_46517,MRI
OMNI_001082,Images/001082.png,What can be observed in this image?,Gouty arthritis,Ankylosing spondylitis,Acromioclavicular joint osteoarthritis (ACJ OA).,Tennis elbow,Acromioclavicular joint osteoarthritis (ACJ OA).,RadImageNet,RadImageNet_29097,MRI
OMNI_001084,Images/001084.png,What is the observation of this image?,Cyst formation,Nerve inflammation,Abscess formation,Soft tissue fluid collection,Soft tissue fluid collection,RadImageNet,RadImageNet_54697,MRI
OMNI_001085,Images/001085.png,What type of medical imaging technique was utilized to acquire this particular image?,Echocardiogram,Electroencephalogram (EEG),MRI,Bone scan,MRI,RadImageNet,RadImageNet_27291,MRI
OMNI_001087,Images/001087.png,What can be observed in this image?,Sciatica,Achilles tendonitis,Shin splints,ACL pathology.,ACL pathology.,RadImageNet,RadImageNet_29632,MRI
OMNI_001088,Images/001088.png,What can be observed in this image?,Soft tissue swelling,Muscle strain,Joint inflammation,Meniscal abnormality,Meniscal abnormality,RadImageNet,RadImageNet_44732,MRI
OMNI_001090,Images/001090.png,What can be observed in this image?,Soft tissue mass,Irregular heartbeat,Enlarged lymph node,Inflammation in the stomach,Soft tissue mass,RadImageNet,RadImageNet_55449,MRI
OMNI_001092,Images/001092.png,What can be observed in this image?,Plantar fasciitis.,Tennis elbow.,Rotator cuff tear.,Biceps pathology.,Biceps pathology.,RadImageNet,RadImageNet_30624,MRI
OMNI_001094,Images/001094.png,Which imaging technique was employed for obtaining this image?,MRI,X-ray,Echocardiogram,Angiography,MRI,RadImageNet,RadImageNet_27356,MRI
OMNI_001095,Images/001095.png,Is there any anomaly visible in this image?,"There is a possibility of abnormality, but further tests are needed for confirmation.","No, It's normal.","I'm not sure, but there might be a slight abnormality.","I can't say for sure, but it looks abnormal.","No, It's normal.",RadImageNet,RadImageNet_47774,MRI
OMNI_001097,Images/001097.png,What specific type of imaging was utilized for capturing this image?,Angiography,PET scan,MRI,Ultrasound,MRI,RadImageNet,RadImageNet_24844,MRI
OMNI_001100,Images/001100.png,Which medical imaging technique was utilized to acquire this image?,Mammography,Electroencephalogram (EEG),MRI,Echocardiogram,MRI,RadImageNet,RadImageNet_26025,MRI
OMNI_002002,Images/002002.png,What is the medical condition identified in this image?,Viral_Pneumonia.,Pulmonary embolism,Sinusitis,Tuberculosis,Viral_Pneumonia.,Covid19 heywhale,Covid19 heywhale_0635,X-ray
OMNI_002003,Images/002003.png,From which joint does the bone in the image originate?,First Proximal Interphalangeal,Costovertebral Junction,Tibiofibular,Second Distal Interphalangeal,First Proximal Interphalangeal,RUS CHN,RUS CHN_1692,X-ray
OMNI_002004,Images/002004.png,What abnormality can be observed in this image?,Aberration missing,Abnormality present,Uniformity lacking,Standardity present,Abnormality present,Mura,Mura_1373,X-ray
OMNI_002006,Images/002006.png,From which joint does the depicted bone originate?,Costovertebral Junction,Ankle Bone,Metacarpophalangeal,Sternoclavicular Articulation,Metacarpophalangeal,RUS CHN,RUS CHN_0882,X-ray
OMNI_002007,Images/002007.jpg,What condition is indicated by this lung image?,Lung cancer,Chronic obstructive pulmonary disease (COPD),COVID-19,Bronchitis,COVID-19,Chest X-Ray PA,Chest X-Ray PA_0492,X-ray
OMNI_002008,Images/002008.png,What abnormality is present in this image?,COVID-19 negative,Lung cancer,Pleural effusion,Tuberculosis,COVID-19 negative,COVIDx CXR-4,COVIDx CXR-4_0209,X-ray
OMNI_002009,Images/002009.png,What imaging technique is employed to obtain this picture?,x_ray.,Magnetic Resonance Imaging (MRI),Thermographic imaging,Positron Emission Tomography (PET) scan,x_ray.,Knee Osteoarthritis,Knee Osteoarthritis_0361,X-ray
OMNI_002010,Images/002010.png,Is there any abnormality visible in this image?,No,Yes,,,No,Pulmonary Chest Shenzhen,Pulmonary Chest Shenzhen_0061,X-ray
OMNI_002013,Images/002013.jpeg,What content appears in this image?,Thymus,Lungs,Prostate (for males),Intestines,Lungs,CoronaHack,CoronaHack_0200,X-ray
OMNI_002014,Images/002014.png,What specific condition is affecting the lungs of the patient in this image?,Tuberculosis. Lungs will be affected.,Bronchitis. Lungs will be affected.,Asthma. Lungs will be affected.,COVID. Lungs will be affected.,COVID. Lungs will be affected.,Covid19 heywhale,Covid19 heywhale_0348,X-ray
OMNI_002015,Images/002015.png,From which joint does the bone in the image originate?,Cervical Spine,Glenohumeral,First Distal Interphalangeal,Sacroiliac,First Distal Interphalangeal,RUS CHN,RUS CHN_0653,X-ray
OMNI_002016,Images/002016.png,Which region of the body is depicted in this image?,Musculoskeletal system,Reproductive system,Digestive system,Respiratory system,Musculoskeletal system,Mura,Mura_0398,X-ray
OMNI_002017,Images/002017.jpeg,What is the content featured in this image?,Heart,Chest,Spine,Foot,Chest,OCT & X-Ray 2017,OCT & X-Ray 2017_0895,X-ray
OMNI_002019,Images/002019.png,From which joint does the bone in the image originate?,Pelvic Girdle,Elbow,Middle Interphalangeal,Knee,Middle Interphalangeal,RUS CHN,RUS CHN_1183,X-ray
OMNI_002020,Images/002020.png,What type of imaging was employed to produce this picture?,Ultrasound,Biopsy,Mammogram,X-ray,X-ray,Mura,Mura_0081,X-ray
OMNI_002023,Images/002023.png,Which joint does the bone in the picture come from?,Radius,Shoulder Blade,Pubic Symphysial Junction,Acromioclavicular,Radius,RUS CHN,RUS CHN_1824,X-ray
OMNI_002024,Images/002024.png,What content appears in this image?,Lung,Kidney,Bone,Muscle,Lung,Chest X-Ray PA,Chest X-Ray PA_0084,X-ray
OMNI_002025,Images/002025.png,"What condition does the person in the picture have, and which organ is primarily impacted?",Bronchitis. Lungs will be affected.,Eczema. Lungs will be affected.,COVID. Lungs will be affected.,Asthma. Lungs will be affected.,COVID. Lungs will be affected.,Covid19 heywhale,Covid19 heywhale_0361,X-ray
OMNI_002028,Images/002028.png,What is the diagnosis for the patient in this image?,It's Irregular,It's NORMAL.,It's Positive,It's Unspecified,It's NORMAL.,Covid19 heywhale,Covid19 heywhale_0376,X-ray
OMNI_002029,Images/002029.png,What abnormality can be observed in this image?,Abnormal growth of cells,Enlarged lymph nodes,Decreased lung capacity,No abnormality detected,No abnormality detected,Mura,Mura_0908,X-ray
OMNI_002030,Images/002030.png,What is the diagnosis for the patient in this image?,It's Indeterminate,It's Anomalous,It's NORMAL.,It's Suspicious,It's NORMAL.,Covid19 heywhale,Covid19 heywhale_0463,X-ray
OMNI_002032,Images/002032.png,What abnormality is present in this image?,Sarcoidosis,Pneumonia,COVID-19 negative,Lung cancer,COVID-19 negative,COVIDx CXR-4,COVIDx CXR-4_0199,X-ray
OMNI_002035,Images/002035.jpg,What does this image depict?,Liver,Lung,Stomach,Bone,Lung,Chest X-Ray PA,Chest X-Ray PA_0247,X-ray
OMNI_002036,Images/002036.png,What abnormality can be observed in this image?,Swollen joints,Bacterial infection,Congested blood vessels,No abnormality detected,No abnormality detected,Mura,Mura_0709,X-ray
OMNI_002038,Images/002038.png,What content appears in this image?,Lung,Intestine,Bladder,Liver,Lung,Covid19 heywhale,Covid19 heywhale_0161,X-ray
OMNI_002039,Images/002039.png,Which region of the body does this image depict?,Chest,Hand,Abdomen,Groin,Chest,COVIDx CXR-4,COVIDx CXR-4_0113,X-ray
OMNI_002040,Images/002040.png,What observation can be made regarding the image in terms of abnormality?,Decreased lung capacity,Abnormal growth of cells,No abnormality detected,Enlarged lymph nodes,No abnormality detected,Mura,Mura_0819,X-ray
OMNI_002041,Images/002041.png,What is the origin of the bone depicted in the picture?,Cervical Spine,Acromioclavicular,Middle Interphalangeal,Sacrococcygeal Articulation,Middle Interphalangeal,RUS CHN,RUS CHN_1185,X-ray
OMNI_002042,Images/002042.png,Which region of the body is depicted in this image?,Urinary system,Musculoskeletal system,Lymphatic system,Cardiovascular system,Musculoskeletal system,Mura,Mura_0660,X-ray
OMNI_002043,Images/002043.png,What part of the anatomy is depicted in this picture?,Head,Neck,Chest,Pelvis,Chest,COVIDx CXR-4,COVIDx CXR-4_0176,X-ray
OMNI_002046,Images/002046.png,What is the condition that the patient in this image is diagnosed with? Which organ will be impacted by the condition?,Eczema. Lungs will be affected.,COVID. Lungs will be affected.,Bronchitis. Lungs will be affected.,Pneumonia. Lungs will be affected.,COVID. Lungs will be affected.,Covid19 heywhale,Covid19 heywhale_0349,X-ray
OMNI_002047,Images/002047.png,Which joint does the bone in the picture come from?,Proximal Radioulnar,Distal Interphalangeal,Pubic Symphysial Junction,Radius,Radius,RUS CHN,RUS CHN_1812,X-ray
OMNI_002051,Images/002051.jpg,What is the specific condition identified in this picture of a lung?,Tuberculosis,Acute respiratory distress syndrome (ARDS),COVID-19,Chronic obstructive pulmonary disease (COPD),COVID-19,Chest X-Ray PA,Chest X-Ray PA_0444,X-ray
OMNI_002052,Images/002052.png,Is there any abnormality detected in this image?,Congested blood vessels,Inflammation in the lungs,No abnormality detected,Decreased lung capacity,No abnormality detected,Mura,Mura_0829,X-ray
OMNI_002053,Images/002053.png,From which joint does the bone in the image originate?,First Proximal Interphalangeal,Pelvic Girdle,Temporomandibular Junction,Metatarsophalangeal,First Proximal Interphalangeal,RUS CHN,RUS CHN_1695,X-ray
OMNI_002054,Images/002054.png,What imaging technique is utilized to obtain this picture?,x_ray.,Echocardiogram,Thermography,Myelogram,x_ray.,Knee Osteoarthritis,Knee Osteoarthritis_0330,X-ray
OMNI_002057,Images/002057.png,From which joint does the bone in the image originate?,Sacroiliac Articulation,First Proximal Interphalangeal,Metacarpophalangeal,Proximal Radioulnar,Metacarpophalangeal,RUS CHN,RUS CHN_0786,X-ray
OMNI_002058,Images/002058.jpeg,What is the specific condition illustrated in this image of a lung?,Tuberculosis,Asthma,Pneumonia,Pleurisy,Pneumonia,Chest X-Ray PA,Chest X-Ray PA_0701,X-ray
OMNI_002060,Images/002060.png,From which joint does the bone in the image originate?,Distal Interphalangeal,Glenohumeral,Hip Bone,Temporomandibular Junction,Distal Interphalangeal,RUS CHN,RUS CHN_0490,X-ray
OMNI_002061,Images/002061.png,From which joint did the depicted bone originate?,Radius,First Metacarpophalangeal,Knee,Shoulder Blade,Radius,RUS CHN,RUS CHN_1798,X-ray
OMNI_002062,Images/002062.jpg,What content appears in this image?,Lung,Liver,Skin,Bone,Lung,Chest X-Ray PA,Chest X-Ray PA_0284,X-ray
OMNI_002064,Images/002064.png,What abnormality can be observed in this image?,Decreased lung capacity,Congested blood vessels,No abnormality detected,Enlarged lymph nodes,No abnormality detected,Mura,Mura_1074,X-ray
OMNI_002066,Images/002066.png,What is the condition that is being depicted in this lung X-ray image?,Pulmonary embolism,manifestation of tuberculosis,Pulmonary fibrosis,Chronic obstructive pulmonary disease (COPD) exacerbation,manifestation of tuberculosis,Pulmonary Chest MC,Pulmonary Chest MC_0033,X-ray
OMNI_002070,Images/002070.png,From which joint does the bone in the image originate?,Pubic Symphysis,Cuneonavicular Articulation,Proximal Interphalangeal,Acromioclavicular,Proximal Interphalangeal,RUS CHN,RUS CHN_1366,X-ray
OMNI_002071,Images/002071.png,From which joint does the bone in the image originate?,Middle Interphalangeal,Sacrococcygeal Articulation,Atlantoaxial,Ankle Bone,Middle Interphalangeal,RUS CHN,RUS CHN_1130,X-ray
OMNI_002073,Images/002073.png,What content appears in this image?,Lung,Heart,Stomach,Kidney,Lung,Covid19 heywhale,Covid19 heywhale_0107,X-ray
OMNI_002074,Images/002074.jpeg,In what imaging modality was this image captured?,X-ray,MRI,PET scan,Ultrasound,X-ray,OCT & X-Ray 2017,OCT & X-Ray 2017_0667,X-ray
OMNI_002075,Images/002075.jpeg,What is the specific condition indicated in this image of a lung?,Pneumonia,Tuberculosis,Lung cancer,Pulmonary embolism,Pneumonia,Chest X-Ray PA,Chest X-Ray PA_0792,X-ray
OMNI_002076,Images/002076.jpg,What specific condition can be identified from this image of a lung?,Acute respiratory distress syndrome (ARDS),COVID-19,Emphysema,Pneumonia,COVID-19,Chest X-Ray PA,Chest X-Ray PA_0377,X-ray
OMNI_002080,Images/002080.jpeg,Is this image showing any anomalies or abnormalities?,"No, this is a normal chest X-ray image.","Yes, there are multiple fractures visible in the ribs on this image.","Yes, there is a tumor seen in the mediastinum on this image.","No, this image suggests the presence of emphysema.","No, this is a normal chest X-ray image.",OCT & X-Ray 2017,OCT & X-Ray 2017_1081,X-ray
OMNI_002082,Images/002082.png,What type of imaging technique was employed to produce this picture?,X-ray,Biopsy,Mammogram,Electrocardiogram (ECG),X-ray,Mura,Mura_0027,X-ray
OMNI_002083,Images/002083.png,What abnormality can be observed in this image?,Aberration missing,Abnormality present,Normality absent,Conformity evident,Abnormality present,Mura,Mura_1327,X-ray
OMNI_002084,Images/002084.jpeg,Does the image show any irregularities?,"Yes, there are multiple fractures visible in the ribs on this image.","Yes, there is pneumonia evident in the lower lobe of the right lung on this image.","Yes, there is a large mass visible in the lungs on this image.","No, this is a normal chest X-ray image.","No, this is a normal chest X-ray image.",OCT & X-Ray 2017,OCT & X-Ray 2017_0969,X-ray
OMNI_002088,Images/002088.jpeg,What do you see depicted in this photo?,Brain,Thyroid gland,Lungs,Kidneys,Lungs,CoronaHack,CoronaHack_0337,X-ray
OMNI_002092,Images/002092.png,What part of the human anatomy does this image show?,Respiratory system,Nervous system,Musculoskeletal system,Integumentary system,Musculoskeletal system,Mura,Mura_0544,X-ray
OMNI_002093,Images/002093.png,What abnormality can be observed in this image?,Decreased lung capacity,Blocked artery,No abnormality detected,Abnormal growth of cells,No abnormality detected,Mura,Mura_1019,X-ray
OMNI_002094,Images/002094.png,From which joint is the bone depicted derived?,Proximal Radioulnar,Radius,Tibiofibular,First Proximal Interphalangeal,Radius,RUS CHN,RUS CHN_1803,X-ray
OMNI_002097,Images/002097.png,Can any abnormality be found in this image?,No abnormality detected,Congested blood vessels,Blocked artery,Tumor growth,No abnormality detected,Mura,Mura_1028,X-ray
OMNI_002098,Images/002098.jpeg,What is the specific condition depicted in this picture of the lung?,Pneumonia,Sarcoidosis,Bronchitis,Bronchiolitis,Pneumonia,Chest X-Ray PA,Chest X-Ray PA_0823,X-ray
OMNI_002100,Images/002100.png,From which joint does the bone in the image originate?,Metatarsophalangeal,Cervical Spine,Proximal Interphalangeal,Tibiofibular,Proximal Interphalangeal,RUS CHN,RUS CHN_1415,X-ray
OMNI_003003,Images/003003.jpeg,What is the specific abnormality present in this image?,Optic neuritis,Conjunctivitis,Proliferative diabetic retinopathy.,Macular degeneration,Proliferative diabetic retinopathy.,Diabetic Retinopathy,Diabetic Retinopathy_1944,Fundus
OMNI_003006,Images/003006.tif,What imaging modality was used to capture this image?,The imaging modality used for this image is fundus photography.,The imaging modality used for this image is nuclear medicine scan.,The imaging modality used for this image is MRI.,The imaging modality used for this image is ultrasound.,The imaging modality used for this image is fundus photography.,OLIVES,OLIVES_0018,Fundus
OMNI_003007,Images/003007.jpg,What modality was used to capture this image?,Endoscopy.,Ultrasound.,Electrocardiogram (ECG).,fundus photography.,fundus photography.,DeepDRiD,DeepDRiD_0128,Fundus
OMNI_003008,Images/003008.png,Is the eye axis in this image aligned horizontally or vertically?,Crooked eye axis.,Vertical eye axis.,Slanted eye axis.,Wavy eye axis.,Vertical eye axis.,Yangxi,Yangxi_1443,Fundus
OMNI_003009,Images/003009.jpeg,What is the specific abnormality present in this image?,Moderate vitreous hemorrhage.,Mild uveitis.,Severe diabetic retinopathy.,Moderate cataracts.,Severe diabetic retinopathy.,Diabetic Retinopathy,Diabetic Retinopathy_1900,Fundus
OMNI_003010,Images/003010.tif,What imaging modality was used to capture this image?,The imaging modality used for this image is PET scan.,The imaging modality used for this image is ultrasound.,The imaging modality used for this image is fundus photography.,The imaging modality used for this image is X-ray.,The imaging modality used for this image is fundus photography.,OLIVES,OLIVES_0076,Fundus
OMNI_003011,Images/003011.png,Determine whether the eye axis in this image is horizontal or vertical?,Diagonal eye axis,Angled eye axis,Oblique eye axis,Transverse eye axis,Transverse eye axis,Yangxi,Yangxi_0770,Fundus
OMNI_003012,Images/003012.jpg,Which imaging technique was utilized to obtain this picture?,Endoscopy.,Electrocardiogram (ECG).,fundus photography.,MRI.,fundus photography.,DeepDRiD,DeepDRiD_0123,Fundus
OMNI_003014,Images/003014.jpeg,Which diagnostic technique produced this picture?,Retinal fundus imaging.,Positron emission tomography (PET) scan,Fluoroscopy,Mammography,Retinal fundus imaging.,Diabetic Retinopathy,Diabetic Retinopathy_0041,Fundus
OMNI_003015,Images/003015.jpeg,What is the specific abnormality present in this image?,Age-related macular degeneration,Congenital cataracts,No diabetic retinopathy.,Uveitis,No diabetic retinopathy.,Diabetic Retinopathy,Diabetic Retinopathy_0944,Fundus
OMNI_003016,Images/003016.png,Is the eye axis in this image horizontally aligned or vertically aligned?,Tilted eye axis.,Crooked eye axis.,Vertical eye axis.,Inverted eye axis.,Vertical eye axis.,Yangxi,Yangxi_1279,Fundus
OMNI_003018,Images/003018.png,Is the eye axis in this image in a horizontal or vertical orientation?,Wavy eye axis.,Vertical eye axis.,Inverted eye axis.,Zigzag eye axis.,Vertical eye axis.,Yangxi,Yangxi_1363,Fundus
OMNI_003020,Images/003020.png,"Is the eye axis in this image transverse, indicating a horizontal or vertical orientation?",Angled eye axis,Curved eye axis,Transverse eye axis,Bent eye axis,Transverse eye axis,Yangxi,Yangxi_0468,Fundus
OMNI_003021,Images/003021.jpg,Is there any evident abnormality present in these images?,The anomalies in this image indicate the presence of glaucoma.,"In this image, there are no apparent abnormalities. It represents a normal or fundus of high myopia.",There is a clear indication of a retinal anomaly in this image.,This image shows a severe abnormality in the fundus.,"In this image, there are no apparent abnormalities. It represents a normal or fundus of high myopia.",PALM2019,PALM2019_0310,Fundus
OMNI_003027,Images/003027.tif,Are we referring to the oculus dexter or oculus sinister?,right eye,left eye,,,left eye,OLIVES,OLIVES_0473,Fundus
OMNI_003028,Images/003028.jpeg,What is the specific abnormality present in this image?,Optic neuritis,No diabetic retinopathy.,Congenital cataracts,Conjunctivitis,No diabetic retinopathy.,Diabetic Retinopathy,Diabetic Retinopathy_0734,Fundus
OMNI_003029,Images/003029.jpeg,What is the specific abnormality present in this image?,Corneal ulcer,Retinal detachment,Optic neuritis,No diabetic retinopathy.,No diabetic retinopathy.,Diabetic Retinopathy,Diabetic Retinopathy_0928,Fundus
OMNI_003031,Images/003031.png,What was the imaging modality utilized to capture this picture?,Electrocardiography (ECG),Color fundus photography,Angiography,Magnetic Resonance Imaging (MRI),Color fundus photography,Yangxi,Yangxi_0247,Fundus
OMNI_003033,Images/003033.jpeg,What is the specific abnormality present in this image?,Keratoconus,Glaucoma,No diabetic retinopathy.,Congenital cataracts,No diabetic retinopathy.,Diabetic Retinopathy,Diabetic Retinopathy_0771,Fundus
OMNI_003036,Images/003036.jpeg,Which diagnostic tool produced this picture?,X-ray imaging,Angiography,Retinal fundus imaging.,Electrocardiogram (ECG) imaging,Retinal fundus imaging.,Diabetic Retinopathy,Diabetic Retinopathy_0008,Fundus
OMNI_003037,Images/003037.tif,"Which eye is the correct one, the right eye or the left eye?",right eye,left eye,,,right eye,OLIVES,OLIVES_0367,Fundus
OMNI_003039,Images/003039.jpeg,What imaging modality was used to capture this image?,Angiography,Retinal fundus imaging.,Positron emission tomography (PET) scan,Computed tomography (CT) scan,Retinal fundus imaging.,Diabetic Retinopathy,Diabetic Retinopathy_0151,Fundus
OMNI_003040,Images/003040.png,"Is the eye axis in this image transverse, horizontal, or vertical?",Crooked eye axis,Inclined eye axis,Curved eye axis,Transverse eye axis,Transverse eye axis,Yangxi,Yangxi_0861,Fundus
OMNI_003041,Images/003041.png,Which imaging modality was utilized to acquire this image?,Color fundus photography,Positron Emission Tomography (PET) scan,Endoscopy,Fluoroscopy,Color fundus photography,Yangxi,Yangxi_0285,Fundus
OMNI_003043,Images/003043.jpg,What specific imaging technique was employed to acquire this image?,fundus photography.,MRI.,Endoscopy.,CT scan.,fundus photography.,DeepDRiD,DeepDRiD_0024,Fundus
OMNI_003045,Images/003045.png,"In this image, is the eye axis horizontal or vertical?",Vertical eye axis.,Slanted eye axis.,Inverted eye axis.,Tilted eye axis.,Vertical eye axis.,Yangxi,Yangxi_1364,Fundus
OMNI_003046,Images/003046.jpg,What is the diagnosis for the abnormalities observed in this image?,Amblyopia,Retinal detachment,Diabetic retinopathy,pathologic myopia.,pathologic myopia.,PALM2019,PALM2019_0387,Fundus
OMNI_003047,Images/003047.png,Is the eye axis of this image horizontal or vertical?,Vertical eye axis.,Inverted eye axis.,Diagonal eye axis.,Tilted eye axis.,Vertical eye axis.,Yangxi,Yangxi_1096,Fundus
OMNI_003048,Images/003048.jpeg,What is the specific abnormality present in this image?,Congenital cataracts,Retinal detachment,No diabetic retinopathy.,Optic neuritis,No diabetic retinopathy.,Diabetic Retinopathy,Diabetic Retinopathy_0995,Fundus
OMNI_003049,Images/003049.jpeg,What is the specific abnormality present in this image?,No diabetic retinopathy.,Central retinal vein occlusion,Corneal ulcer,Retinal detachment,No diabetic retinopathy.,Diabetic Retinopathy,Diabetic Retinopathy_0700,Fundus
OMNI_003050,Images/003050.jpg,What abnormality is present in this fundus image?,Retinoblastoma,Optic neuritis,Glaucoma,Pathological myopia,Pathological myopia,JSIEC,JSIEC_0211,Fundus
OMNI_003051,Images/003051.jpg,What abnormalities can be observed in this image?,Cataracts,Glaucoma,Amblyopia,pathologic myopia.,pathologic myopia.,PALM2019,PALM2019_0392,Fundus
OMNI_003052,Images/003052.png,"What type of eye axis does this image have, horizontal or vertical?",Angled eye axis,Transverse eye axis,Longitudinal eye axis,Oblique eye axis,Transverse eye axis,Yangxi,Yangxi_0859,Fundus
OMNI_003054,Images/003054.png,Is the eye axis in the given image oriented horizontally or vertically?,Bent eye axis,Transverse eye axis,Tilted eye axis,Oblique eye axis,Transverse eye axis,Yangxi,Yangxi_0619,Fundus
OMNI_003057,Images/003057.tif,Is this the oculus dexter or the oculus sinister?,left eye,right eye,,,right eye,OLIVES,OLIVES_0218,Fundus
OMNI_003058,Images/003058.jpeg,What is the specific abnormality present in this image?,Central retinal vein occlusion,Conjunctivitis,No diabetic retinopathy.,Keratoconus,No diabetic retinopathy.,Diabetic Retinopathy,Diabetic Retinopathy_0431,Fundus
OMNI_003059,Images/003059.jpg,What grading class does the retinal image fall under in terms of image quality?,it's a good retinal image.,It's a bad retinal image.,It's a outlier retinal image.,,it's a good retinal image.,DRIMDB,DRIMDB_0095,Fundus
OMNI_003060,Images/003060.jpeg,What is the specific abnormality present in this image?,Corneal ulcer,Uveitis,No diabetic retinopathy.,Age-related macular degeneration,No diabetic retinopathy.,Diabetic Retinopathy,Diabetic Retinopathy_1107,Fundus
OMNI_003061,Images/003061.jpg,What is the observed condition in this fundus image?,Severe hypertensive retinopathy,Macular degeneration,Mild hypertensive retinopathy,Retinitis pigmentosa,Severe hypertensive retinopathy,JSIEC,JSIEC_0081,Fundus
OMNI_003062,Images/003062.jpg,Which method was employed to obtain this image?,fundus photography.,Electrocardiogram (ECG).,MRI.,Ultrasound.,fundus photography.,DeepDRiD,DeepDRiD_0097,Fundus
OMNI_003063,Images/003063.png,Is the eye axis in this image horizontally aligned or vertically aligned?,Crooked eye axis.,Tilted eye axis.,Lateral eye axis.,Vertical eye axis.,Vertical eye axis.,Yangxi,Yangxi_1017,Fundus
OMNI_003065,Images/003065.jpg,What is the potential diagnosis for the observed abnormalities in this image?,pathologic myopia.,Glaucoma,Diabetic retinopathy,Retinitis pigmentosa,pathologic myopia.,PALM2019,PALM2019_0467,Fundus
OMNI_003067,Images/003067.png,Is the eye axis in this image oriented in a horizontal or vertical direction?,Transverse eye axis,Longitudinal eye axis,Bent eye axis,Sagittal eye axis,Transverse eye axis,Yangxi,Yangxi_0646,Fundus
OMNI_003071,Images/003071.jpg,What is the specific type of abnormality shown in this image?,There are no specific abnormalities observed in this image.,The abnormality shown in this image is a blockage in the blood vessels.,The abnormality shown in this image is a fracture.,The abnormality shown in this image is a tumor.,There are no specific abnormalities observed in this image.,Adam Challenge,Adam Challenge_0051,Fundus
OMNI_003072,Images/003072.png,Is the eye axis in this image oriented horizontally or vertically?,Transverse eye axis,Longitudinal eye axis,Tilted eye axis,Oblique eye axis,Transverse eye axis,Yangxi,Yangxi_0817,Fundus
OMNI_003073,Images/003073.jpeg,What is the specific abnormality present in this image?,Mild astigmatism.,Mild diabetic retinopathy.,Partial retinal detachment.,Mild corneal ulcer.,Mild diabetic retinopathy.,Diabetic Retinopathy,Diabetic Retinopathy_1485,Fundus
OMNI_003076,Images/003076.png,Determine whether the eye axis in this image is horizontal or vertical?,Diagonal eye axis,Transverse eye axis,Oblique eye axis,Bent eye axis,Transverse eye axis,Yangxi,Yangxi_0795,Fundus
OMNI_003077,Images/003077.png,Does the eye axis in this image align horizontally or vertically?,Vertical eye axis.,Angled eye axis.,Curved eye axis.,Slanted eye axis.,Vertical eye axis.,Yangxi,Yangxi_1308,Fundus
OMNI_003079,Images/003079.jpg,Is there any indication of anomalies in this image?,The anomalies visible in this image suggest a retinal detachment.,"In this image, there are no apparent abnormalities. It represents a normal or fundus of high myopia.",The presence of multiple abnormalities is evident in this image.,There is a conspicuous abnormality in the optic nerve head in this image.,"In this image, there are no apparent abnormalities. It represents a normal or fundus of high myopia.",PALM2019,PALM2019_0226,Fundus
OMNI_003081,Images/003081.png,What type of medical imaging technique was used to capture this image?,Computed Tomography (CT) scan,Magnetic Resonance Imaging (MRI),Color fundus photography,Fluoroscopy,Color fundus photography,Yangxi,Yangxi_0320,Fundus
OMNI_003082,Images/003082.jpeg,What imaging technique was employed to obtain this picture?,Retinal fundus imaging.,Electrocardiogram (ECG) imaging,Magnetic resonance imaging (MRI),Ultrasonography,Retinal fundus imaging.,Diabetic Retinopathy,Diabetic Retinopathy_0030,Fundus
OMNI_003083,Images/003083.png,Is the eye axis in this image located horizontally or vertically?,Oblique eye axis,Transverse eye axis,Curved eye axis,Inclined eye axis,Transverse eye axis,Yangxi,Yangxi_0758,Fundus
OMNI_003084,Images/003084.png,"In this picture, is the axis of the eye aligned horizontally or vertically?",Tilted eye axis.,Inverted eye axis.,Curved eye axis.,Vertical eye axis.,Vertical eye axis.,Yangxi,Yangxi_1000,Fundus
OMNI_003085,Images/003085.png,Determine whether the eye axis in this image is horizontal or vertical?,Curved eye axis,Crooked eye axis,Oblique eye axis,Transverse eye axis,Transverse eye axis,Yangxi,Yangxi_0719,Fundus
OMNI_003087,Images/003087.tif,Are we referring to the oculus dexter or oculus sinister?,left eye,right eye,,,left eye,OLIVES,OLIVES_0543,Fundus
OMNI_003088,Images/003088.jpeg,What is the specific abnormality present in this image?,Central retinal vein occlusion,Conjunctivitis,Glaucoma,No diabetic retinopathy.,No diabetic retinopathy.,Diabetic Retinopathy,Diabetic Retinopathy_0688,Fundus
OMNI_003094,Images/003094.jpeg,What is the specific abnormality present in this image?,Keratoconus,No diabetic retinopathy.,Age-related macular degeneration,Glaucoma,No diabetic retinopathy.,Diabetic Retinopathy,Diabetic Retinopathy_1019,Fundus
OMNI_003095,Images/003095.jpeg,What does this image indicate in terms of abnormality?,Mild cataracts.,Retinal detachment.,Severe macular degeneration.,Moderate diabetic retinopathy.,Moderate diabetic retinopathy.,Diabetic Retinopathy,Diabetic Retinopathy_1731,Fundus
OMNI_003098,Images/003098.jpeg,What is the specific abnormality present in this image?,Severe macular degeneration.,Moderate diabetic retinopathy.,Mild cataracts.,Retinal detachment.,Moderate diabetic retinopathy.,Diabetic Retinopathy,Diabetic Retinopathy_1651,Fundus
OMNI_003099,Images/003099.tif,Is the eye in question the left (oculus sinister) or the right eye (oculus dexter)?,right eye,left eye,,,left eye,OLIVES,OLIVES_0436,Fundus
OMNI_004001,Images/004001.jpg,"What disease is represented by the specific abnormality in this image, and can you describe the key features of this disorder?",Rubella,Pertussis,Monkeypox,Lyme disease,Monkeypox,Monkeypox Skin Image 2022,Monkeypox Skin Image 2022_0084,Dermatology
OMNI_004002,Images/004002.png,What is the specific diagnosis indicated by the abnormality depicted in this image?,Melanoma.,Eczema.,Basal Cell Carcinoma.,Psoriasis.,Basal Cell Carcinoma.,PAD-UFES-20,PAD-UFES-20_0195,Dermatology
OMNI_004003,Images/004003.jpg,What is the specific skin condition depicted in the image?,Melanoma,Acne,Basal cell carcinoma,Squamous cell carcinoma,Squamous cell carcinoma,ISIC2019,ISIC2019_1824,Dermatology
OMNI_004006,Images/004006.jpg,Is the abnormality in this image of a non-cancerous or cancerous nature?,Benign image.,Malignant,,,Benign image.,ISIC2020,ISIC2020_1274,Dermatology
OMNI_004009,Images/004009.jpg,What is the skin condition depicted in this image?,Squamous cell carcinoma,Seborrheic keratosis,Vitiligo,Basal cell carcinoma,Basal cell carcinoma,ISIC2019,ISIC2019_1087,Dermatology
OMNI_004011,Images/004011.jpg,Is the image showing benign or malignant abnormality?,Malignant,Benign image.,,,Benign image.,ISIC2020,ISIC2020_0488,Dermatology
OMNI_004014,Images/004014.jpg,What is the term for the imaging method used to capture this image?,Endoscopy imaging,Dermoscopic imaging,Magnetic resonance imaging (MRI),Ultrasound imaging,Dermoscopic imaging,ISIC2019,ISIC2019_0112,Dermatology
OMNI_004015,Images/004015.jpg,What modality was used to capture this image?,Dermoscopy,Mammography,Magnetic resonance imaging,X-ray,Dermoscopy,ISIC2020,ISIC2020_0116,Dermatology
OMNI_004016,Images/004016.jpg,What is the designated classification for the anomaly depicted in this image?,Malignant cutaneous lymphoma.,Benign cutaneous lymphoma.,Metastatic cutaneous lymphoma.,Psoriasis.,Malignant cutaneous lymphoma.,Fitzpatrick 17k,Fitzpatrick 17k_1544,Dermatology
OMNI_004017,Images/004017.jpg,In what category does this image's abnormality fall under?,Osteodermatitis,Gastrodermatitis,Neurodermatosis,Genodermatoses.,Genodermatoses.,Fitzpatrick 17k,Fitzpatrick 17k_1105,Dermatology
OMNI_004018,Images/004018.jpg,Is the dermoscopic image suggestive of a malignancy or benignity?,Metastatic condition.,Benign condition.,Pre-cancerous condition.,Non-cancerous condition.,Benign condition.,ISBI2016,ISBI2016_0445,Dermatology
OMNI_004019,Images/004019.jpg,What is the disease captured in this image?,Tuberculosis,Smallpox,Meningitis,Polio,Smallpox,Monkeypox Skin Image 2022,Monkeypox Skin Image 2022_0108,Dermatology
OMNI_004020,Images/004020.jpg,Which technique was employed to capture this image?,Computed tomography,Endoscopy,Electroencephalogram,Dermoscopy,Dermoscopy,ISIC2020,ISIC2020_0059,Dermatology
OMNI_004021,Images/004021.jpg,What is the specific skin condition featured in this picture?,Vitiligo,Melanoma,Benign keratosis,Rosacea,Benign keratosis,ISIC2019,ISIC2019_1689,Dermatology
OMNI_004022,Images/004022.jpg,What is the specific skin condition depicted in the provided image?,Vascular lesion,Pigmentation disorder,Allergic reaction,Malignant growth,Vascular lesion,ISIC2019,ISIC2019_1786,Dermatology
OMNI_004024,Images/004024.jpg,What is the skin abnormality observed in the provided image?,Dermatitis,Melanocytic nevus,Squamous cell carcinoma,Eczema,Melanocytic nevus,ISIC2019,ISIC2019_0947,Dermatology
OMNI_004025,Images/004025.jpg,What is the classification of the anomaly depicted in this image?,Melanoma.,Malignant cutaneous lymphoma.,Benign cutaneous lymphoma.,Eczema.,Malignant cutaneous lymphoma.,Fitzpatrick 17k,Fitzpatrick 17k_1519,Dermatology
OMNI_004026,Images/004026.jpg,Is the abnormality observed in the image considered benign or malignant?,Benign image.,Malignant,,,Benign image.,ISIC2020,ISIC2020_1064,Dermatology
OMNI_004027,Images/004027.jpg,Which category does this image's abnormality fall under?,Inflammatory.,Degenerative,Infectious,Traumatic,Inflammatory.,Fitzpatrick 17k,Fitzpatrick 17k_0573,Dermatology
OMNI_004030,Images/004030.jpg,What is the specific skin condition captured in this image?,Basal cell carcinoma,Hives,Melanocytic nevus,Squamous cell carcinoma,Melanocytic nevus,ISIC2019,ISIC2019_0928,Dermatology
OMNI_004031,Images/004031.jpg,What method was utilized for capturing this image?,Mammography,Dermoscopy,Electrocardiogram,Computed tomography,Dermoscopy,ISIC2020,ISIC2020_0170,Dermatology
OMNI_004032,Images/004032.jpg,What does this image show in terms of abnormality classification?,Metastatic dermal.,Benign epidermal.,Non-cancerous subcutaneous.,Cancerous superficial.,Benign epidermal.,Fitzpatrick 17k,Fitzpatrick 17k_1420,Dermatology
OMNI_004036,Images/004036.jpg,What is the name of the skin abnormality observed in this image?,Acne,Rosacea,Eczema,Basal cell carcinoma,Basal cell carcinoma,ISIC2019,ISIC2019_1035,Dermatology
OMNI_004038,Images/004038.jpg,What is the skin condition exhibited in this image?,Hives,Vitiligo,Rosacea,Melanoma,Melanoma,ISIC2019,ISIC2019_0365,Dermatology
OMNI_004039,Images/004039.jpg,What is the classification of the anomaly in this image?,Inflammatory.,Congenital,Endocrine,Neoplastic,Inflammatory.,Fitzpatrick 17k,Fitzpatrick 17k_0398,Dermatology
OMNI_004040,Images/004040.jpg,What classification does the anomaly in this image belong to?,Cancerous superficial.,Metastatic dermal.,Malignant dermal.,Benign epidermal.,Benign epidermal.,Fitzpatrick 17k,Fitzpatrick 17k_1449,Dermatology
OMNI_004043,Images/004043.jpg,What area of the human body is the focus of this image?,Bones,Lymphatic system,Skin,Internal organs,Skin,ISBI2016,ISBI2016_0166,Dermatology
OMNI_004045,Images/004045.png,What is the specific abnormality observed in the dermoscopy image?,Malignant Melanoma,Squamous Cell Carcinoma.,Basal Cell Carcinoma,Acne,Squamous Cell Carcinoma.,PAD-UFES-20,PAD-UFES-20_0445,Dermatology
OMNI_004046,Images/004046.jpg,Does the abnormality in this image show malignancy or benignancy?,Malignant,Benign image.,,,Benign image.,ISIC2020,ISIC2020_1427,Dermatology
OMNI_004047,Images/004047.jpg,Is the image in question benign or malignant?,Malignant,Benign image.,,,Benign image.,ISIC2020,ISIC2020_0449,Dermatology
OMNI_004049,Images/004049.jpg,What imaging technique was utilized to obtain this picture?,Magnetic resonance imaging,X-ray,Dermoscopy,Ultrasonography,Dermoscopy,ISIC2020,ISIC2020_0224,Dermatology
OMNI_004051,Images/004051.jpg,What is the skin abnormality seen in this image?,Psoriasis,Benign keratosis,Eczema,Hives,Benign keratosis,ISIC2019,ISIC2019_1536,Dermatology
OMNI_004052,Images/004052.jpg,What is the identification of the abnormality in this image?,Acne vulgaris,Malignant melanoma,Dermatofibroma,Melanocytic nevus,Melanocytic nevus,ISIC2018,ISIC2018_0203,Dermatology
OMNI_004054,Images/004054.jpg,In what particular category can the abnormality in this image be classified?,Benign epithelial.,Malignant epidermal.,Invasive squamous.,Non-cancerous dermal.,Malignant epidermal.,Fitzpatrick 17k,Fitzpatrick 17k_1263,Dermatology
OMNI_004055,Images/004055.jpg,What is the particular classification of the anomaly depicted in this image?,Metastatic melanocytic.,Non-cancerous dermal.,Malignant epidermal.,Benign epithelial.,Malignant epidermal.,Fitzpatrick 17k,Fitzpatrick 17k_1292,Dermatology
OMNI_004056,Images/004056.jpg,What specific classification does this image fall under in terms of abnormality?,Inflammatory.,Traumatic,Endocrine,Infectious,Inflammatory.,Fitzpatrick 17k,Fitzpatrick 17k_0265,Dermatology
OMNI_004057,Images/004057.jpg,What type of skin abnormality is present in this image?,Shingles,Actinic keratosis,Eczema,Melanoma,Actinic keratosis,ISIC2019,ISIC2019_1492,Dermatology
OMNI_004058,Images/004058.jpg,What type of imaging technique was used to acquire this picture?,Positron emission tomography,Dermoscopy,Ultrasonography,Colonoscopy,Dermoscopy,ISIC2020,ISIC2020_0123,Dermatology
OMNI_004059,Images/004059.jpg,Is the abnormality in this image a benign or malignant finding?,Malignant,Benign image.,,,Benign image.,ISIC2020,ISIC2020_0961,Dermatology
OMNI_004064,Images/004064.jpg,Under which category does the anomaly depicted in this image fall?,Benign dermal.,Inflammatory epidermal.,Metastatic intramuscular.,Infectious hypodermal.,Benign dermal.,Fitzpatrick 17k,Fitzpatrick 17k_0845,Dermatology
OMNI_004065,Images/004065.jpg,What does the abnormality in this image exhibit in terms of category?,Inflammatory.,Autoimmune,Infectious,Traumatic,Inflammatory.,Fitzpatrick 17k,Fitzpatrick 17k_0268,Dermatology
OMNI_004068,Images/004068.jpg,What is the specific skin abnormality depicted in this image?,Actinic keratosis,Cellulitis,Psoriasis,Eczema,Actinic keratosis,ISIC2019,ISIC2019_1422,Dermatology
OMNI_004070,Images/004070.jpg,"What disease is depicted in this image, and could you provide a summary of its primary features?",Monkeypox,Lyme disease,Rubella,Pertussis,Monkeypox,Monkeypox Skin Image 2022,Monkeypox Skin Image 2022_0092,Dermatology
OMNI_004074,Images/004074.jpg,Is the abnormality in this image considered to be benign or malignant?,Benign image.,Malignant,,,Benign image.,ISIC2020,ISIC2020_0893,Dermatology
OMNI_004075,Images/004075.jpg,What is the diagnosis of the skin abnormality shown in this image?,Melanoma,Benign keratosis,Acne,Cellulitis,Benign keratosis,ISIC2019,ISIC2019_1626,Dermatology
OMNI_004076,Images/004076.jpg,What is the specific classification of the anomaly captured in this image?,Malignant cutaneous lymphoma.,Metastatic cutaneous lymphoma.,Squamous cell carcinoma.,Benign cutaneous lymphoma.,Malignant cutaneous lymphoma.,Fitzpatrick 17k,Fitzpatrick 17k_1535,Dermatology
OMNI_004078,Images/004078.jpg,What is the specific skin condition portrayed in this image?,Psoriasis,Melanoma,Cellulitis,Vitiligo,Melanoma,ISIC2019,ISIC2019_0541,Dermatology
OMNI_004079,Images/004079.jpg,What is the anatomical location of the body that is being represented in this visual depiction?,Endocrine system,Muscles,Nervous system,Skin,Skin,ISIC2018,ISIC2018_0044,Dermatology
OMNI_004080,Images/004080.jpg,What modality was used to capture this image?,Mammography,X-ray,Colonoscopy,Dermoscopy,Dermoscopy,ISIC2020,ISIC2020_0127,Dermatology
OMNI_004084,Images/004084.jpg,Is the abnormal image in this picture benign or malignant?,Malignant,Benign image.,,,Benign image.,ISIC2020,ISIC2020_0928,Dermatology
OMNI_004085,Images/004085.jpg,What is the specific skin anomaly depicted in the image?,Melanocytic nevus,Actinic keratosis,Rosacea,Vitiligo,Melanocytic nevus,ISIC2019,ISIC2019_0784,Dermatology
OMNI_004087,Images/004087.jpg,What is the term for the abnormality depicted in this image?,Actinic keratosis,Melanoma,Vitiligo,Eczema,Melanoma,ISIC2018,ISIC2018_0112,Dermatology
OMNI_004088,Images/004088.jpg,What is the name of the skin abnormality displayed in this image?,Seborrheic keratosis,Vitiligo,Basal cell carcinoma,Rosacea,Basal cell carcinoma,ISIC2019,ISIC2019_1155,Dermatology
OMNI_004089,Images/004089.jpg,What is the name of the skin abnormality in the image?,Melanoma,Actinic keratosis,Seborrheic dermatitis,Eczema,Actinic keratosis,ISIC2019,ISIC2019_1411,Dermatology
OMNI_004091,Images/004091.png,What is the type of abnormality depicted in this image?,Psoriasis.,Actinic keratosis.,Basal Cell Carcinoma.,Squamous Cell Carcinoma.,Basal Cell Carcinoma.,PAD-UFES-20,PAD-UFES-20_0236,Dermatology
OMNI_004092,Images/004092.jpg,What is the name of the skin abnormality depicted in this image?,Rosacea,Squamous cell carcinoma,Psoriasis,Melanocytic nevus,Melanocytic nevus,ISIC2019,ISIC2019_0952,Dermatology
OMNI_004093,Images/004093.jpg,What was the imaging technique employed to obtain this picture?,Endoscopy,Electrocardiogram,Dermoscopy,Computed tomography,Dermoscopy,ISIC2020,ISIC2020_0203,Dermatology
OMNI_004094,Images/004094.png,What is the diagnosis for the particular abnormality depicted in this image?,Psoriasis.,Basal Cell Carcinoma.,Eczema.,Melanoma.,Basal Cell Carcinoma.,PAD-UFES-20,PAD-UFES-20_0162,Dermatology
OMNI_004099,Images/004099.jpg,What is the medical term for the skin abnormality seen in this image?,Seborrheic keratosis,Basal cell carcinoma,Vitiligo,Eczema,Basal cell carcinoma,ISIC2019,ISIC2019_1154,Dermatology
OMNI_004100,Images/004100.jpg,What imaging technique was utilized to acquire this picture?,X-ray,Electrocardiogram,Dermoscopy,Electroencephalogram,Dermoscopy,ISIC2020,ISIC2020_0296,Dermatology
OMNI_005001,Images/005001.png,Is there any evidence of malaria infection present in this image?,Yes,No.,,,No.,NLM- Malaria Data,NLM- Malaria Data_0060,Microscopy
OMNI_005002,Images/005002.bmp,What is the most probable condition indicated by the image?,Hodgkin's lymphoma,Acute myeloid leukemia,Polycythemia vera,Acute lymphoblastic leukemia,Acute lymphoblastic leukemia,ALL Challenge,ALL Challenge_0183,Microscopy
OMNI_005004,Images/005004.tif,What is the cell type shown in the image?,Keratinocyte,Fibroblast,Lymphocyte,Osteocyte,Lymphocyte,CRC100k,CRC100k_0595,Microscopy
OMNI_005009,Images/005009.jpeg,What are the cell types visible in this image?,T-cells,B-cells,Neutrophils,monocytes,monocytes,Blood Cell,Blood Cell_0882,Microscopy
OMNI_005010,Images/005010.jpeg,What type of cells are present in this image?,monocytes,Neutrophils,Mast cells,Basophils,monocytes,Blood Cell,Blood Cell_0832,Microscopy
OMNI_005011,Images/005011.jpg,Is there any abnormality observed in the vacuole depicted in the given sperm image?,"No, the vacuole is irregularly shaped.","Yes, the vacuole is enlarged.","No, the vacuole appears to be normal.","No, the vacuole is absent.","No, the vacuole appears to be normal.",MHSMA,MHSMA_1118,Microscopy
OMNI_005012,Images/005012.png,What is the appearance of the head in the displayed sperm image?,The head appears normal.,The head appears multiplied.,The head appears shrunken.,The head appears malformed.,The head appears normal.,MHSMA,MHSMA_0399,Microscopy
OMNI_005014,Images/005014.png,Does this image show any signs of malaria infection?,No.,Yes,,,No.,NLM- Malaria Data,NLM- Malaria Data_0059,Microscopy
OMNI_005015,Images/005015.tif,Which specific type of cells is being shown in this image?,Lymphocyte,Neutrophil,Erythrocyte,Keratinocyte,Lymphocyte,CRC100k,CRC100k_0618,Microscopy
OMNI_005018,Images/005018.tif,What is the morphology of the cells depicted in the photograph?,Triangular cells,Hexagonal cells,Cobblestone cells,Crescent-shaped cells,Cobblestone cells,BioMediTech,BioMediTech_0389,Microscopy
OMNI_005020,Images/005020.png,Is there any sign of abnormalities in the tail shown in the provided sperm image?,"No, the tail appears to be normal.","Yes, the tail appears to be abnormal.",,,"No, the tail appears to be normal.",MHSMA,MHSMA_0808,Microscopy
OMNI_005021,Images/005021.png,What type of imaging method was utilized to obtain this image?,Ultrasound imaging,Endoscopy,microscopy.,Positron emission tomography (PET),microscopy.,MHSMA,MHSMA_0714,Microscopy
OMNI_005023,Images/005023.tif,What is this part of the image primarily representing?,Staining artifact.,Background of histological image.,Microscopic structure.,Abnormal tissue growth.,Background of histological image.,CRC100k,CRC100k_0432,Microscopy
OMNI_005027,Images/005027.png,Is there any abnormality observed in the tail of the sperm image provided?,"Yes, the tail appears to be abnormal.","No, the tail is perfectly normal.",,,"Yes, the tail appears to be abnormal.",MHSMA,MHSMA_0978,Microscopy
OMNI_005028,Images/005028.jpeg,What cell types are visible in the image?,Macrophages,neutrophils,Erythrocytes,Hepatocytes,neutrophils,Blood Cell,Blood Cell_1052,Microscopy
OMNI_005029,Images/005029.tif,What do the cells in this image look like?,Cobblestone cells,Square cells,Oval cells,Crescent-shaped cells,Cobblestone cells,BioMediTech,BioMediTech_0425,Microscopy
OMNI_005031,Images/005031.tif,What substance is displayed in the image?,Mucus,Cerebrospinal fluid,Sweat,Lymph,Mucus,CRC100k,CRC100k_0746,Microscopy
OMNI_005032,Images/005032.tif,What is the tissue or abnormality featured in this image?,Normal stroma,Cancer-associated stroma,Scar tissue,Adipose tissue,Cancer-associated stroma,CRC100k,CRC100k_1103,Microscopy
OMNI_005033,Images/005033.png,Is the head of the sperm in the displayed image considered normal or abnormal?,The head is healthy.,The head appears abnormal.,The head is undamaged.,The head is enlarged.,The head appears abnormal.,MHSMA,MHSMA_0660,Microscopy
OMNI_005035,Images/005035.jpeg,What are the cell types seen in this image?,Eosinophils,B-cells,monocytes,Platelets,monocytes,Blood Cell,Blood Cell_0867,Microscopy
OMNI_005036,Images/005036.jpeg,What is the identification of the cells displayed in this image?,Osteocytes,lymphocytes,Macrophages,Neurons,lymphocytes,Blood Cell,Blood Cell_0656,Microscopy
OMNI_005037,Images/005037.tif,What modality is used to capture this image?,Hematoxylin & eosin (H&E) stained histological image,X-ray imaging,Magnetic resonance imaging (MRI),Ultrasound imaging,Hematoxylin & eosin (H&E) stained histological image,CRC100k,CRC100k_0083,Microscopy
OMNI_005038,Images/005038.jpeg,What cells are depicted in this image?,Dendritic cells,B lymphocytes,T lymphocytes,eosinophils,eosinophils,Blood Cell,Blood Cell_0408,Microscopy
OMNI_005039,Images/005039.png,What imaging modality was used to capture this image?,Mammogram,Electrocardiogram,X-ray,histopathology.,histopathology.,BreakHis,BreakHis_0027,Microscopy
OMNI_005043,Images/005043.tif,"What is the classification of the tissue lining observed in this photograph, pertaining to the colon?",Hepatic mucosa,Intestinal mucosa,Skin mucosa,Normal colonic mucosa,Normal colonic mucosa,CRC100k,CRC100k_0975,Microscopy
OMNI_005044,Images/005044.jpg,Is there any evidence of abnormalities in the vacuole depicted in the provided sperm image?,"No, the vacuole appears to be normal.","Yes, the vacuole is enlarged.","No, the vacuole is irregularly shaped.","No, the vacuole is absent.","No, the vacuole appears to be normal.",MHSMA,MHSMA_1104,Microscopy
OMNI_005045,Images/005045.tif,What is the tissue that is seen in this image?,Smooth muscle,Cardiac muscle,Blood tissue,Skeletal muscle,Smooth muscle,CRC100k,CRC100k_0943,Microscopy
OMNI_005048,Images/005048.jpg,Is the acrosome in the provided sperm image displaying any irregularities?,"Yes, the acrosome is misshapen and fragmented in the provided image.","No, the acrosome is enlarged and asymmetrical in the provided image.","No, the acrosome is discolored and shows signs of deterioration in the provided image.","No, the acrosome appears to be normal.","No, the acrosome appears to be normal.",MHSMA,MHSMA_0201,Microscopy
OMNI_005050,Images/005050.bmp,What is the probable medical condition indicated in this image?,Polycythemia vera,Acute lymphoblastic leukemia,Acute myeloid leukemia,Hodgkin's lymphoma,Acute lymphoblastic leukemia,ALL Challenge,ALL Challenge_0279,Microscopy
OMNI_005051,Images/005051.tif,What substance is depicted in the provided image?,Cerebrospinal fluid,Sweat,Mucus,Lymph,Mucus,CRC100k,CRC100k_0737,Microscopy
OMNI_005054,Images/005054.png,What does this image display?,Malignant colon histopathology.,Benign bone histopathology.,Malignant lung histopathology.,Benign breast histopathology.,Benign breast histopathology.,BreakHis,BreakHis_0051,Microscopy
OMNI_005056,Images/005056.tif,What type of substance is depicted in the provided image?,Blood,Mucus,Lymph,Gastric acid,Mucus,CRC100k,CRC100k_0681,Microscopy
OMNI_005061,Images/005061.tif,What imaging technique was utilized to obtain this picture?,Hematoxylin & eosin (H&E) stained histological image,X-ray imaging,Computed tomography (CT) scan,Fluoroscopy imaging,Hematoxylin & eosin (H&E) stained histological image,CRC100k,CRC100k_0074,Microscopy
OMNI_005064,Images/005064.png,What does this image depict?,Benign lung histopathology.,Inflammatory bowel disease histopathology.,Normal brain histopathology.,Malignant breast histopathology.,Malignant breast histopathology.,BreakHis,BreakHis_0486,Microscopy
OMNI_005065,Images/005065.jpeg,What method was utilized to obtain this image?,Endoscopy,Microscopy,Ultrasound,Electroencephalography (EEG),Microscopy,Blood Cell,Blood Cell_0166,Microscopy
OMNI_005066,Images/005066.tif,What is the morphology of the cells depicted in this photograph?,Epithelioid cells,Neoplastic cells,Fibroblast cells,Fusiform cells,Epithelioid cells,BioMediTech,BioMediTech_0292,Microscopy
OMNI_005069,Images/005069.tif,What is the specific type of tissue that can be identified in this image?,Adipose tissue,Connective tissue,Epithelial tissue,Lymphatic tissue,Adipose tissue,CRC100k,CRC100k_0261,Microscopy
OMNI_005070,Images/005070.png,Is the head of the sperm in the displayed image in a normal condition?,The head appears absent.,The head appears asymmetrical.,The head appears normal.,The head appears inflamed.,The head appears normal.,MHSMA,MHSMA_0504,Microscopy
OMNI_005071,Images/005071.tif,What kind of tissue is visible in this picture?,Skeletal muscle,Connective tissue,Smooth muscle,Glandular tissue,Smooth muscle,CRC100k,CRC100k_0909,Microscopy
OMNI_005072,Images/005072.tif,What is the viscous secretion depicted in this picture?,Synovial fluid,Vomit,Urine,Mucus,Mucus,CRC100k,CRC100k_0647,Microscopy
OMNI_005073,Images/005073.jpeg,What specific cells are observed in this image?,monocytes,Neutrophils,B-cells,Mast cells,monocytes,Blood Cell,Blood Cell_0771,Microscopy
OMNI_005074,Images/005074.png,Is there any abnormality in the tail of the sperm shown in the image?,"No, the tail is perfectly normal.","Yes, the tail appears to be abnormal.",,,"Yes, the tail appears to be abnormal.",MHSMA,MHSMA_0972,Microscopy
OMNI_005075,Images/005075.png,What does the image depict?,Benign breast histopathology.,Normal breast histopathology.,Malignant breast histopathology.,Breast abscess.,Malignant breast histopathology.,BreakHis,BreakHis_0656,Microscopy
OMNI_005076,Images/005076.tif,What kind of tissue is observed in the image?,Cardiac muscle,Glandular tissue,Smooth muscle,Lymphatic tissue,Smooth muscle,CRC100k,CRC100k_0813,Microscopy
OMNI_005077,Images/005077.png,Is the head of the sperm in the displayed image normal?,The head appears absent.,The head appears discolored.,The head appears normal.,The head appears multiplied.,The head appears normal.,MHSMA,MHSMA_0497,Microscopy
OMNI_005078,Images/005078.tif,What type of tissue or abnormality is visible in this image?,Basal cell carcinoma of the skin,Cardiac muscle tissue,Colorectal adenocarcinoma epithelium,Ovarian cyst lining,Colorectal adenocarcinoma epithelium,CRC100k,CRC100k_1173,Microscopy
OMNI_005079,Images/005079.png,What type of breast histopathology is depicted in this image?,Malignant breast histopathology.,Normal brain histopathology.,Inflammatory bowel disease histopathology.,Non-cancerous kidney histopathology.,Malignant breast histopathology.,BreakHis,BreakHis_0179,Microscopy
OMNI_005080,Images/005080.tif,What is the specific diagnosis for the cancer cells observed in the provided image?,Follicular Lymphoma,Prostate Cancer,Basal Cell Carcinoma,Ovarian Cancer,Follicular Lymphoma,MAlig Lymph,MAlig Lymph_0111,Microscopy
OMNI_005081,Images/005081.bmp,"Based on this image, what disease does the corresponding subject suffer from?",Hematologic Malignancies,Migraine headaches,Kidney stones,Osteoporosis,Hematologic Malignancies,ALL Challenge,ALL Challenge_0172,Microscopy
OMNI_005082,Images/005082.png,What is present in this image?,Malignant breast histopathology.,Normal brain histopathology.,Benign lung histopathology.,Metastatic liver histopathology.,Malignant breast histopathology.,BreakHis,BreakHis_0135,Microscopy
OMNI_005083,Images/005083.jpg,Is there any indication of abnormalities in the vacuole seen in the provided image of the sperm?,"Yes, the vacuole is discolored.","No, the vacuole is absent.","No, the vacuole appears to be normal.","No, the vacuole shows signs of inflammation.","No, the vacuole appears to be normal.",MHSMA,MHSMA_1044,Microscopy
OMNI_005084,Images/005084.tif,What is depicted in this image in terms of tissue or abnormality?,Nodal metastasis in lymphoma,Psoriasis lesion,Basal cell carcinoma of the skin,Colorectal adenocarcinoma epithelium,Colorectal adenocarcinoma epithelium,CRC100k,CRC100k_1291,Microscopy
OMNI_005087,Images/005087.tif,What is the name of the secretion illustrated in this photograph?,Mucus,Saliva,Synovial fluid,Gastric acid,Mucus,CRC100k,CRC100k_0755,Microscopy
OMNI_005088,Images/005088.png,Is there any evidence of abnormalities in the tail of the sperm image provided?,"No, the tail appears to be normal.","Yes, the tail appears to be abnormal.",,,"No, the tail appears to be normal.",MHSMA,MHSMA_0764,Microscopy
OMNI_005089,Images/005089.jpeg,What are the specific cells observed in the provided image?,Lymphocytes,monocytes,Basophils,B-cells,monocytes,Blood Cell,Blood Cell_0853,Microscopy
OMNI_005091,Images/005091.png,What does this image depict?,Normal brain histopathology.,Normal kidney histopathology.,Benign skin histopathology.,Benign breast histopathology.,Benign breast histopathology.,BreakHis,BreakHis_0245,Microscopy
OMNI_005095,Images/005095.tif,"What is shown in this image, in terms of tissue or abnormality?",Adipose tissue,Necrotic tissue,Benign tumor,Cancer-associated stroma,Cancer-associated stroma,CRC100k,CRC100k_1091,Microscopy
OMNI_005096,Images/005096.bmp,What medical condition is manifested in the subject depicted in this image?,Hematologic Malignancies,Dermatitis,Appendicitis,Pneumonia,Hematologic Malignancies,ALL Challenge,ALL Challenge_0094,Microscopy
OMNI_005097,Images/005097.tif,What does this image depict?,Inflammatory cells,Tumor cells,Healthy cells,Cancer cells,Cancer cells,MAlig Lymph,MAlig Lymph_0021,Microscopy
OMNI_005100,Images/005100.jpeg,What cellular entities are depicted in this image?,Red blood cells,T lymphocytes,Monocytes,eosinophils,eosinophils,Blood Cell,Blood Cell_0458,Microscopy
OMNI_006001,Images/006001.jpg,What imaging technology is utilized to obtain this picture?,Thermography,Magnetic Resonance Imaging (MRI),Optical Coherence Tomography (OCT),Endoscopy,Optical Coherence Tomography (OCT),Retinal OCT-C8,Retinal OCT-C8_0168,OCT
OMNI_006003,Images/006003.jpeg,Is there any abnormality present in this oct image?,Yes,No.,,,No.,OCT & X-Ray 2017,OCT & X-Ray 2017_0622,OCT
OMNI_006004,Images/006004.jpg,What is the distinguishing characteristic of the abnormality observed in this image?,"There is a small hole in the macula, which is the central part of the retina.",There is a dark spot in the periphery of the retina.,The macula appears enlarged and swollen.,The abnormality is characterized by a jagged edge around the macula.,"There is a small hole in the macula, which is the central part of the retina.",Retinal OCT-C8,Retinal OCT-C8_1812,OCT
OMNI_006005,Images/006005.jpg,What is the name of the particular abnormality depicted in this visual representation?,Macular degeneration,Cataracts,Diabetic Retinopathy (DR),Color blindness,Diabetic Retinopathy (DR),Retinal OCT-C8,Retinal OCT-C8_2091,OCT
OMNI_006006,Images/006006.jpg,What imaging technique is utilized to acquire this visual representation?,Endoscopy,Optical Coherence Tomography (OCT),Magnetic Resonance Imaging (MRI),Computed Tomography (CT),Optical Coherence Tomography (OCT),Retinal OCT-C8,Retinal OCT-C8_0176,OCT
OMNI_006009,Images/006009.jpg,What are the distinguishable characteristics of the abnormality captured in this image?,The abnormality seen is a result of nerve damage in the spinal cord.,Macular Hole (MH),The image indicates a blockage in the urinary tract caused by kidney stones.,The image displays a skin rash caused by an allergic reaction.,Macular Hole (MH),Retinal OCT-C8,Retinal OCT-C8_1164,OCT
OMNI_006011,Images/006011.jpg,What is the diagnosis indicated by the anomaly observed in this image?,Diabetic Retinopathy,Glaucoma,Corneal abrasion,Central Serous Retinopathy (CSR),Central Serous Retinopathy (CSR),Retinal OCT-C8,Retinal OCT-C8_3616,OCT
OMNI_006013,Images/006013.jpg,What characteristics can be observed in the abnormality present in this image?,Exudates are small blue dots that gather around the optic nerve.,The image displays swelling and fluid accumulation in the macula due to Diabetic Macular Edema (DME).,Macular holes are small purple rings that encircle the cornea.,Hemorrhages are black spots that develop on the lens of the eye.,The image displays swelling and fluid accumulation in the macula due to Diabetic Macular Edema (DME).,Retinal OCT-C8,Retinal OCT-C8_2906,OCT
OMNI_006014,Images/006014.jpg,What is the name of the imaging modality that is employed to acquire this image?,Fluoroscopy,Mammography,Optical Coherence Tomography (OCT),Magnetic Resonance Imaging (MRI),Optical Coherence Tomography (OCT),Retinal OCT-C8,Retinal OCT-C8_0096,OCT
OMNI_006015,Images/006015.jpeg,Is there any abnormality present in this oct image?,Yes,No.,,,No.,OCT & X-Ray 2017,OCT & X-Ray 2017_0619,OCT
OMNI_006016,Images/006016.jpg,Can you describe any notable attributes of the abnormality in this image?,The image shows a normal blood vessel pattern within the retina.,The choroidal neovascularization appears as abnormal blood vessels growing beneath the retina.,The abnormality in the image is due to optic nerve atrophy.,The abnormality in the image is a result of retinal detachment.,The choroidal neovascularization appears as abnormal blood vessels growing beneath the retina.,Retinal OCT-C8,Retinal OCT-C8_0718,OCT
OMNI_006017,Images/006017.jpg,What is the specific abnormality shown in this image?,Corneal ulcer,Astigmatism,Color blindness,Diabetic Retinopathy (DR),Diabetic Retinopathy (DR),Retinal OCT-C8,Retinal OCT-C8_1010,OCT
OMNI_006018,Images/006018.jpeg,Which imaging technique was utilized to obtain this image?,Fluoroscopy,Ultrasound,Optical Coherence Tomography (OCT),X-ray,Optical Coherence Tomography (OCT),OCT & X-Ray 2017,OCT & X-Ray 2017_0051,OCT
OMNI_006019,Images/006019.jpeg,What is the depicted anomaly in this visual representation?,Uveitis,Macular degeneration,Cataracts,Choroidal Neovascularization (CNV),Choroidal Neovascularization (CNV),OCT & X-Ray 2017,OCT & X-Ray 2017_0191,OCT
OMNI_006020,Images/006020.jpg,What are some characteristics of the anomaly depicted in this image?,"Cataracts: Cataracts occur when the lens of the eye becomes cloudy, leading to blurry vision. While it can cause vision loss, it is not specific to the macula and is unrelated to age-related macular degeneration.","Retinal detachment: Retinal detachment occurs when the retina peels away from its underlying layer of support tissues. It can cause vision loss, but it is not related to age-related macular degeneration.",Drusen are small yellow deposits that accumulate beneath the retina.,"Diabetic retinopathy: Diabetic retinopathy is a complication of diabetes that affects the blood vessels in the retina. It can cause vision loss, but it is not specific to the macula and is different from age-related macular degeneration.",Drusen are small yellow deposits that accumulate beneath the retina.,Retinal OCT-C8,Retinal OCT-C8_3334,OCT
OMNI_006022,Images/006022.jpg,"In relation to the image, what distinct characteristics can be observed for the abnormality present?","The image reveals a corneal ulcer, indicated by the open sore on the cornea.","The abnormality in the image is a retinal detachment, indicated by the separation of the retina from the underlying tissue.",The image shows an enlarged optic nerve caused by glaucoma.,The image displays swelling and fluid accumulation in the macula due to Diabetic Macular Edema (DME).,The image displays swelling and fluid accumulation in the macula due to Diabetic Macular Edema (DME).,Retinal OCT-C8,Retinal OCT-C8_3965,OCT
OMNI_006023,Images/006023.jpg,What is the specific abnormality shown in this image?,Choroidal Neovascularization (CNV),Cataracts,Uveitis,Retinal detachment,Choroidal Neovascularization (CNV),Retinal OCT-C8,Retinal OCT-C8_0512,OCT
OMNI_006025,Images/006025.jpg,What characteristics can you identify in the abnormality shown in this image?,"The abnormality in the image is a subconjunctival hemorrhage, characterized by the presence of blood under the conjunctiva.","The abnormality in the image is a retinal detachment, indicated by the separation of the retina from the underlying tissue.",The condition is characterized by the accumulation of fluid in the central retina.,The image shows an enlarged optic nerve caused by glaucoma.,The condition is characterized by the accumulation of fluid in the central retina.,Retinal OCT-C8,Retinal OCT-C8_3869,OCT
OMNI_006027,Images/006027.jpg,What is the name of the abnormality indicated in this image?,Drusen,Astigmatism,Macular edema,Retinal detachment,Drusen,Retinal OCT-C8,Retinal OCT-C8_3137,OCT
OMNI_006028,Images/006028.jpeg,What is the specific abnormality shown in this oct image?,Macular degeneration,Nystagmus,Presbyopia,Drusen,Drusen,OCT & X-Ray 2017,OCT & X-Ray 2017_0460,OCT
OMNI_006030,Images/006030.jpg,What are some distinctive characteristics of the abnormality seen in the image?,"Diabetic retinopathy: Diabetic retinopathy is a complication of diabetes that affects the blood vessels in the retina. It can cause vision loss, but it is not specific to the macula and is different from age-related macular degeneration.","Cataracts: Cataracts occur when the lens of the eye becomes cloudy, leading to blurry vision. While it can cause vision loss, it is not specific to the macula and is unrelated to age-related macular degeneration.","Age-related Macular Degeneration (AMD) causes progressive damage to the macula, leading to vision loss in the center of the visual field.","Retinal detachment: Retinal detachment occurs when the retina peels away from its underlying layer of support tissues. It can cause vision loss, but it is not related to age-related macular degeneration.","Age-related Macular Degeneration (AMD) causes progressive damage to the macula, leading to vision loss in the center of the visual field.",Retinal OCT-C8,Retinal OCT-C8_3465,OCT
OMNI_006031,Images/006031.jpg,What is the name of the condition seen in this image?,Glaucoma,Cataracts,Age-related Macular Degeneration (AMD),Astigmatism,Age-related Macular Degeneration (AMD),Retinal OCT-C8,Retinal OCT-C8_3245,OCT
OMNI_006033,Images/006033.jpeg,What is the name of the specific medical condition depicted in this image?,Cataracts,Diabetic Macular Edema (DME),Macular hole,Glaucoma,Diabetic Macular Edema (DME),OCT & X-Ray 2017,OCT & X-Ray 2017_0284,OCT
OMNI_006038,Images/006038.jpg,What are the distinguishing characteristics of the anomaly depicted in this image?,"The abnormality in the image is a retinal detachment, indicated by the separation of the retina from the underlying tissue.",The image displays swelling and fluid accumulation in the macula due to Diabetic Macular Edema (DME).,"The image reveals a corneal ulcer, indicated by the open sore on the cornea.","The abnormality in the image is a subconjunctival hemorrhage, characterized by the presence of blood under the conjunctiva.",The image displays swelling and fluid accumulation in the macula due to Diabetic Macular Edema (DME).,Retinal OCT-C8,Retinal OCT-C8_3962,OCT
OMNI_006039,Images/006039.jpg,What is the particular anomaly depicted in this image?,Conjunctivitis,Macular degeneration,Optic nerve atrophy,Central Serous Retinopathy (CSR),Central Serous Retinopathy (CSR),Retinal OCT-C8,Retinal OCT-C8_2260,OCT
OMNI_006041,Images/006041.jpg,Can you describe any notable attributes of the abnormality in this image?,"There is a small hole in the macula, which is the central part of the retina.",The macula appears enlarged and swollen.,The abnormality is characterized by a jagged edge around the macula.,The abnormality is a result of a detached retina.,"There is a small hole in the macula, which is the central part of the retina.",Retinal OCT-C8,Retinal OCT-C8_1835,OCT
OMNI_006042,Images/006042.jpg,What is the specific abnormality displayed in this picture?,Optic nerve atrophy,Glaucoma,Conjunctivitis,Choroidal Neovascularization (CNV),Choroidal Neovascularization (CNV),Retinal OCT-C8,Retinal OCT-C8_0559,OCT
OMNI_006043,Images/006043.jpg,What specific characteristics can you identify in the abnormality shown in this image?,The image displays swelling and fluid accumulation in the macula due to Diabetic Macular Edema (DME).,"The abnormality in the image is a retinal detachment, indicated by the separation of the retina from the underlying tissue.","The image reveals a corneal ulcer, indicated by the open sore on the cornea.","The abnormality in the image is a subconjunctival hemorrhage, characterized by the presence of blood under the conjunctiva.",The image displays swelling and fluid accumulation in the macula due to Diabetic Macular Edema (DME).,Retinal OCT-C8,Retinal OCT-C8_3951,OCT
OMNI_006044,Images/006044.jpg,What are the distinguishing characteristics of the anomaly seen in the image?,The image shows a complete absence of the macula.,There is a dark spot in the periphery of the retina.,The abnormality is characterized by a jagged edge around the macula.,"There is a small hole in the macula, which is the central part of the retina.","There is a small hole in the macula, which is the central part of the retina.",Retinal OCT-C8,Retinal OCT-C8_1799,OCT
OMNI_006045,Images/006045.jpg,What are some distinguishable characteristics of the anomaly visible in this image?,Macular holes are small purple rings that encircle the cornea.,Cysts are large white masses that form on top of the retina.,Hemorrhages are black spots that develop on the lens of the eye.,The image displays swelling and fluid accumulation in the macula due to Diabetic Macular Edema (DME).,The image displays swelling and fluid accumulation in the macula due to Diabetic Macular Edema (DME).,Retinal OCT-C8,Retinal OCT-C8_2853,OCT
OMNI_006047,Images/006047.jpg,Is there any deviation observed in this image?,The image does not provide enough information to determine if there is an abnormality.,No abnormality detected (normal),"The image shows a possible abnormality, but further testing is required for confirmation.",The image shows multiple abnormalities.,No abnormality detected (normal),Retinal OCT-C8,Retinal OCT-C8_2019,OCT
OMNI_006048,Images/006048.jpg,What are the observable characteristics of the anomaly in this image?,The abnormality in the image is due to optic nerve atrophy.,The abnormality in the image is a result of retinal detachment.,The image shows a normal blood vessel pattern within the retina.,The choroidal neovascularization appears as abnormal blood vessels growing beneath the retina.,The choroidal neovascularization appears as abnormal blood vessels growing beneath the retina.,Retinal OCT-C8,Retinal OCT-C8_0771,OCT
OMNI_006049,Images/006049.jpg,What is the indicated anomaly depicted in this picture?,Papilledema,Diabetic Macular Edema (DME),Vitreous hemorrhage,Macular degeneration,Diabetic Macular Edema (DME),Retinal OCT-C8,Retinal OCT-C8_2595,OCT
OMNI_006050,Images/006050.jpg,What is the identified medical condition displayed in this image?,Macular Hole (MH),Astigmatism,Retinal detachment,Conjunctivitis (pink eye),Macular Hole (MH),Retinal OCT-C8,Retinal OCT-C8_0909,OCT
OMNI_006052,Images/006052.jpeg,Is there any abnormality present in this oct image?,No.,Yes,,,No.,OCT & X-Ray 2017,OCT & X-Ray 2017_0483,OCT
OMNI_006055,Images/006055.jpeg,What is the identifiable irregularity depicted in this image?,Conjunctivitis,Choroidal Neovascularization (CNV),Optic nerve atrophy,Retinitis pigmentosa,Choroidal Neovascularization (CNV),OCT & X-Ray 2017,OCT & X-Ray 2017_0183,OCT
OMNI_006056,Images/006056.jpg,What is the specific anomaly depicted in this picture?,Corneal dystrophy,Optic nerve atrophy,Drusen,Cataracts,Drusen,Retinal OCT-C8,Retinal OCT-C8_2660,OCT
OMNI_006057,Images/006057.jpg,What is the name of the medical condition depicted in this picture?,Glaucoma,Strabismus,Age-related macular degeneration (AMD),Macular Hole (MH),Macular Hole (MH),Retinal OCT-C8,Retinal OCT-C8_0888,OCT
OMNI_006060,Images/006060.jpg,What is the name of the condition depicted in this image?,Diabetic retinopathy,Diabetic Retinopathy (DR),Retinitis pigmentosa,Cataracts,Diabetic Retinopathy (DR),Retinal OCT-C8,Retinal OCT-C8_2199,OCT
OMNI_006061,Images/006061.jpg,What can be observed as unique characteristics of the abnormality depicted in this image?,This is a normal oct image.,The abnormality in the image is due to optic nerve atrophy.,The image displays an example of normal retinal pigmentation.,The image shows a normal blood vessel pattern within the retina.,This is a normal oct image.,Retinal OCT-C8,Retinal OCT-C8_0632,OCT
OMNI_006062,Images/006062.jpg,What is the name of the specific condition indicated by the abnormality seen in this image?,Drusen,Color blindness,Macular edema,Conjunctivitis,Drusen,Retinal OCT-C8,Retinal OCT-C8_3082,OCT
OMNI_006064,Images/006064.jpg,What is the term for the specific abnormality depicted in this image?,Glaucoma,Corneal ulcer,Cataracts,Macular Hole (MH),Macular Hole (MH),Retinal OCT-C8,Retinal OCT-C8_0947,OCT
OMNI_006065,Images/006065.jpg,What are the observable characteristics of the irregularity shown in this image?,The image shows an enlarged optic nerve caused by glaucoma.,"The image reveals a corneal ulcer, indicated by the open sore on the cornea.",The image displays swelling and fluid accumulation in the macula due to Diabetic Macular Edema (DME).,"The abnormality in the image is a retinal detachment, indicated by the separation of the retina from the underlying tissue.",The image displays swelling and fluid accumulation in the macula due to Diabetic Macular Edema (DME).,Retinal OCT-C8,Retinal OCT-C8_3887,OCT
OMNI_006066,Images/006066.jpg,What is the specific abnormality shown in this image?,Optic nerve atrophy,Macular degeneration,Retinal detachment,Drusen,Drusen,Retinal OCT-C8,Retinal OCT-C8_2734,OCT
OMNI_006070,Images/006070.jpg,What is the term used to describe the abnormality observed in the image?,Vitreous hemorrhage,Diabetic Macular Edema (DME),Glaucoma,Corneal dystrophy,Diabetic Macular Edema (DME),Retinal OCT-C8,Retinal OCT-C8_2623,OCT
OMNI_006071,Images/006071.jpg,What is the specific abnormality shown in this image?,Cataracts,Age-related Macular Degeneration,Central Serous Retinopathy (CSR),Retinal detachment,Central Serous Retinopathy (CSR),Retinal OCT-C8,Retinal OCT-C8_3594,OCT
OMNI_006078,Images/006078.jpeg,What is the specific abnormality shown in this image?,Diabetic Macular Edema (DME),Color blindness,Corneal abrasion,Glaucoma,Diabetic Macular Edema (DME),OCT & X-Ray 2017,OCT & X-Ray 2017_0247,OCT
OMNI_006079,Images/006079.jpg,What are the notable characteristics observed in this image that indicate the presence of an abnormality?,"The abnormality in the image is a subconjunctival hemorrhage, characterized by the presence of blood under the conjunctiva.",The condition is characterized by the accumulation of fluid in the central retina.,"The image reveals a corneal ulcer, indicated by the open sore on the cornea.",The image shows an enlarged optic nerve caused by glaucoma.,The condition is characterized by the accumulation of fluid in the central retina.,Retinal OCT-C8,Retinal OCT-C8_3772,OCT
OMNI_006080,Images/006080.jpg,What is the specific anomaly evident in this image?,Macular Hole (MH),Retinal Detachment (RD),Optic Nerve Atrophy,Cataract,Macular Hole (MH),Retinal OCT-C8,Retinal OCT-C8_1521,OCT
OMNI_006082,Images/006082.jpg,What are the distinctive features observed in the abnormality depicted in the picture?,"The abnormality in the image is a retinal detachment, indicated by the separation of the retina from the underlying tissue.","The image reveals a corneal ulcer, indicated by the open sore on the cornea.",The condition is characterized by the accumulation of fluid in the central retina.,The image shows an enlarged optic nerve caused by glaucoma.,The condition is characterized by the accumulation of fluid in the central retina.,Retinal OCT-C8,Retinal OCT-C8_3877,OCT
OMNI_006085,Images/006085.jpg,What are some distinctive characteristics of the anomaly depicted in this image?,This is a normal oct image.,The abnormality in the image is a result of retinal detachment.,The abnormality in the image is due to optic nerve atrophy.,The choroidal neovascularization in the image is actually a normal aging process.,This is a normal oct image.,Retinal OCT-C8,Retinal OCT-C8_0711,OCT
OMNI_006088,Images/006088.jpeg,What is the name of the specific abnormality depicted in this oct image?,Diabetic retinopathy,Retinal detachment,Drusen,Macular degeneration,Drusen,OCT & X-Ray 2017,OCT & X-Ray 2017_0328,OCT
OMNI_006089,Images/006089.jpg,What is the particular pathology depicted in the provided picture?,Macular Hole (MH),Optic Nerve Atrophy,Glaucoma,Cataract,Macular Hole (MH),Retinal OCT-C8,Retinal OCT-C8_1545,OCT
OMNI_006091,Images/006091.jpeg,What is the specific abnormality shown in this oct image?,Astigmatism,Presbyopia,Drusen,Cataracts,Drusen,OCT & X-Ray 2017,OCT & X-Ray 2017_0425,OCT
OMNI_006093,Images/006093.jpeg,Identify the pathological condition depicted in the photograph.,Diabetic Retinopathy,Color blindness,Age-related Macular Degeneration,Diabetic Macular Edema (DME),Diabetic Macular Edema (DME),OCT & X-Ray 2017,OCT & X-Ray 2017_0249,OCT
OMNI_006094,Images/006094.jpg,What is the identified abnormality visible in this image?,Optic Nerve Atrophy,Macular Hole (MH),Retinal Detachment (RD),Cataract,Macular Hole (MH),Retinal OCT-C8,Retinal OCT-C8_1514,OCT
OMNI_006096,Images/006096.jpg,What is the specific abnormality shown in this image?,Optic Nerve Atrophy,Age-related Macular Degeneration (AMD),Retinal Detachment (RD),Glaucoma,Age-related Macular Degeneration (AMD),Retinal OCT-C8,Retinal OCT-C8_1361,OCT
OMNI_006097,Images/006097.jpg,What is the name of the condition indicated by the specific abnormality in this image?,Cataracts,Drusen,Conjunctivitis,Astigmatism,Drusen,Retinal OCT-C8,Retinal OCT-C8_3138,OCT
OMNI_006099,Images/006099.jpg,What is the name of the condition depicted in this image?,Corneal ulcer,Diabetic Retinopathy (DR),Macular degeneration,Conjunctivitis,Diabetic Retinopathy (DR),Retinal OCT-C8,Retinal OCT-C8_2195,OCT
OMNI_006100,Images/006100.jpg,Is there any abnormality identified in this image?,The image suggests a potential abnormality.,The image shows multiple abnormalities.,The image reveals a minor abnormality.,No abnormality detected (normal),No abnormality detected (normal),Retinal OCT-C8,Retinal OCT-C8_2069,OCT
OMNI_007001,Images/007001.png,What part is shown in this ultrasound image?,Lung,gallbladder,Cerebellum,Small intestine,gallbladder,RadImageNet,RadImageNet_17172,Ultrasound
OMNI_007005,Images/007005.png,What type of imaging was utilized to obtain this picture?,Electronystagmography (ENG),Near-infrared Spectroscopy (NIRS),Ultrasound,Elastography,Ultrasound,RadImageNet,RadImageNet_14020,Ultrasound
OMNI_007007,Images/007007.png,What is the organ depicted in this ultrasound image?,Prostate gland,kidney,Large intestine,Spleen,kidney,RadImageNet,RadImageNet_18782,Ultrasound
OMNI_007008,Images/007008.png,What part is shown in this ultrasound image?,Intestine,liver,Lung,Gallbladder,liver,RadImageNet,RadImageNet_19600,Ultrasound
OMNI_007009,Images/007009.png,What part is shown in this ultrasound image?,Prostate,Joint,thyroid,Ovaries,thyroid,RadImageNet,RadImageNet_22327,Ultrasound
OMNI_007010,Images/007010.png,What part is shown in this ultrasound image?,Esophagus,Testis,Pancreas,gallbladder,gallbladder,RadImageNet,RadImageNet_17026,Ultrasound
OMNI_007011,Images/007011.png,What part is shown in this ultrasound image?,kidney,Ovary,Esophagus,Gallbladder,kidney,RadImageNet,RadImageNet_18822,Ultrasound
OMNI_007012,Images/007012.png,What part is shown in this ultrasound image?,pancreas,Spleen,Testicle,Stomach,pancreas,RadImageNet,RadImageNet_21349,Ultrasound
OMNI_007014,Images/007014.png,What part is shown in this ultrasound image?,Uterus,Femoral artery,Kidney,aorta,aorta,RadImageNet,RadImageNet_15454,Ultrasound
OMNI_007015,Images/007015.png,Which structure is being displayed in this ultrasound image?,Esophagus,ovary,Pancreas,Intestine,ovary,RadImageNet,RadImageNet_20207,Ultrasound
OMNI_007018,Images/007018.png,What structure is being depicted in this ultrasound image?,Iliac artery,Appendix,common bile duct,Urinary bladder,common bile duct,RadImageNet,RadImageNet_16061,Ultrasound
OMNI_007020,Images/007020.png,What is the structure depicted in this ultrasound image?,Ovarian cyst,Cervical lymphadenopathy,Pancreatic mass,thyroid nodule,thyroid nodule,RadImageNet,RadImageNet_23773,Ultrasound
OMNI_007021,Images/007021.png,What part is shown in this ultrasound image?,Testicles,Appendix,Intestines,thyroid,thyroid,RadImageNet,RadImageNet_23147,Ultrasound
OMNI_007022,Images/007022.png,What does this sonogram depict?,Bladder,Ovary,kidney,Gallbladder,kidney,RadImageNet,RadImageNet_17905,Ultrasound
OMNI_007023,Images/007023.png,What is the structure visible in this ultrasound image?,Liver hemangioma,Appendicitis,thyroid nodule,Hepatic hemangioma,thyroid nodule,RadImageNet,RadImageNet_23444,Ultrasound
OMNI_007024,Images/007024.png,What part is shown in this ultrasound image?,Liver,Prostate,kidney,Stomach,kidney,RadImageNet,RadImageNet_18445,Ultrasound
OMNI_007025,Images/007025.png,What is being depicted in this ultrasound image?,Hepatic tumor,Adrenal adenoma,Testicular mass,thyroid nodule,thyroid nodule,RadImageNet,RadImageNet_23959,Ultrasound
OMNI_007027,Images/007027.png,What part is shown in this ultrasound image?,Brain,kidney,Adrenal gland,Appendix,kidney,RadImageNet,RadImageNet_18420,Ultrasound
OMNI_007028,Images/007028.png,What is being depicted in this ultrasound image?,aorta,Cecum,Intestines,Cervix,aorta,RadImageNet,RadImageNet_14814,Ultrasound
OMNI_007032,Images/007032.png,What is the structure identified in this ultrasound image?,Right atrium,Ureter,Renal Artery,portal vein,portal vein,RadImageNet,RadImageNet_21720,Ultrasound
OMNI_007033,Images/007033.png,What part is shown in this ultrasound image?,Stomach,Lung,Uterus,kidney,kidney,RadImageNet,RadImageNet_17953,Ultrasound
OMNI_007037,Images/007037.png,What part is shown in this ultrasound image?,Heart,Tonsils,Pancreas,liver,liver,RadImageNet,RadImageNet_19857,Ultrasound
OMNI_007038,Images/007038.png,What part is shown in this ultrasound image?,gallbladder,Esophagus,Bladder,Testicle,gallbladder,RadImageNet,RadImageNet_17235,Ultrasound
OMNI_007040,Images/007040.png,What part is shown in this ultrasound image?,Testes,liver,Bladder,Lung,liver,RadImageNet,RadImageNet_19651,Ultrasound
OMNI_007044,Images/007044.png,What part is shown in this ultrasound image?,pancreas,Kidney,Prostate,Testicle,pancreas,RadImageNet,RadImageNet_21050,Ultrasound
OMNI_007046,Images/007046.png,What part is shown in this ultrasound image?,kidney,Stomach,Testis,Brain,kidney,RadImageNet,RadImageNet_18937,Ultrasound
OMNI_007048,Images/007048.png,What is the structure depicted in this ultrasound image?,Aortic aneurysm,Intestinal lymphoma,Hepatic cyst,thyroid nodule,thyroid nodule,RadImageNet,RadImageNet_24158,Ultrasound
OMNI_007049,Images/007049.png,What is being displayed in this ultrasound image?,ovary,Prostate gland,Intestine,Bone,ovary,RadImageNet,RadImageNet_20776,Ultrasound
OMNI_007050,Images/007050.png,What structure is being displayed in this ultrasound image?,Heart,Uterus,Gallbladder,ovary,ovary,RadImageNet,RadImageNet_20458,Ultrasound
OMNI_007051,Images/007051.png,What part is shown in this ultrasound image?,Rectum,Ovary,Prostate gland,pancreas,pancreas,RadImageNet,RadImageNet_20971,Ultrasound
OMNI_007052,Images/007052.png,Which structure is visible in this ultrasound image?,Thyroid Gland,Adrenal gland,aorta,Common bile duct,aorta,RadImageNet,RadImageNet_15094,Ultrasound
OMNI_007053,Images/007053.png,What is being displayed in this ultrasound image?,Appendix,Muscle tissue,thyroid,Brain,thyroid,RadImageNet,RadImageNet_22813,Ultrasound
OMNI_007055,Images/007055.png,What type of imaging modality was utilized to obtain this image?,Photoacoustic Imaging,Electroencephalography (EEG),Magnetoencephalography (MEG),Ultrasound,Ultrasound,RadImageNet,RadImageNet_14229,Ultrasound
OMNI_007056,Images/007056.png,What structure is being depicted in this ultrasound image?,Rectum,Muscle tissue,Prostate gland,ovary,ovary,RadImageNet,RadImageNet_20331,Ultrasound
OMNI_007057,Images/007057.png,What part is shown in this ultrasound image?,Lungs,Left Ventricular Chamber,Thyroid,aorta,aorta,RadImageNet,RadImageNet_14891,Ultrasound
OMNI_007059,Images/007059.png,What is the organ visible in this ultrasound image?,Heart,bladder,Lung,Trachea,bladder,RadImageNet,RadImageNet_15581,Ultrasound
OMNI_007060,Images/007060.png,What part is shown in this ultrasound image?,Spleen,kidney,Testis,Bladder,kidney,RadImageNet,RadImageNet_18450,Ultrasound
OMNI_007063,Images/007063.png,What is being depicted in this ultrasound image?,Bladder,Muscle tissue,ovary,Pancreas,ovary,RadImageNet,RadImageNet_20198,Ultrasound
OMNI_007064,Images/007064.png,What is the organ depicted in this ultrasound image?,Heart,Lung,Femur,thyroid,thyroid,RadImageNet,RadImageNet_23056,Ultrasound
OMNI_007065,Images/007065.png,What is the organ depicted in this ultrasound image?,Large intestine,Uterus,gallbladder,Appendix,gallbladder,RadImageNet,RadImageNet_16950,Ultrasound
OMNI_007066,Images/007066.png,What is the organ depicted in this ultrasound image?,pancreas,Appendix,Pituitary gland,Gallbladder,pancreas,RadImageNet,RadImageNet_21391,Ultrasound
OMNI_007068,Images/007068.png,Which structure is visible in this ultrasound image?,ovary,Esophagus,Brain,Spleen,ovary,RadImageNet,RadImageNet_20792,Ultrasound
OMNI_007072,Images/007072.png,What part is shown in this ultrasound image?,Testis,Small intestine,gallbladder,Pancreas,gallbladder,RadImageNet,RadImageNet_17129,Ultrasound
OMNI_007075,Images/007075.png,What part is shown in this ultrasound image?,Ovary,pancreas,Testicle,Large intestine,pancreas,RadImageNet,RadImageNet_21310,Ultrasound
OMNI_007076,Images/007076.png,What type of imaging was used to obtain this image?,DEXA,Elastography,Ultrasound,Bioluminescence Imaging,Ultrasound,RadImageNet,RadImageNet_14000,Ultrasound
OMNI_007077,Images/007077.png,What is being depicted in this ultrasound image?,Lungs,Rectum,Ovaries,thyroid,thyroid,RadImageNet,RadImageNet_22770,Ultrasound
OMNI_007078,Images/007078.png,What is depicted in this ultrasound image?,thyroid nodule,Cardiac thrombus,Appendicular abscess,Hepatic lesion,thyroid nodule,RadImageNet,RadImageNet_23890,Ultrasound
OMNI_007082,Images/007082.png,What is the structure depicted in this ultrasound image?,Appendix,Spleen,Lung,portal vein,portal vein,RadImageNet,RadImageNet_21719,Ultrasound
OMNI_007083,Images/007083.png,What part is shown in this ultrasound image?,Heart,Testicle,Pancreas,kidney,kidney,RadImageNet,RadImageNet_18311,Ultrasound
OMNI_007084,Images/007084.png,What part is shown in this ultrasound image?,kidney,Muscle,Lung,Uterus,kidney,RadImageNet,RadImageNet_18095,Ultrasound
OMNI_007085,Images/007085.png,What modality was utilized to acquire this image?,Bone Densitometry,Ultrasound,Electron Microscopy,Digital Subtraction Angiography (DSA),Ultrasound,RadImageNet,RadImageNet_14163,Ultrasound
OMNI_007087,Images/007087.png,What structure is being depicted in this ultrasound image?,Thyroid gland,common bile duct,Colon,Spleen,common bile duct,RadImageNet,RadImageNet_16344,Ultrasound
OMNI_007090,Images/007090.png,What is the structure depicted in this ultrasound image?,Intestinal polyp,fibroid,Pulmonary embolism,Breast tissue,fibroid,RadImageNet,RadImageNet_16811,Ultrasound
OMNI_007092,Images/007092.png,What part is shown in this ultrasound image?,spleen,Testicle,Esophagus,Adrenal gland,spleen,RadImageNet,RadImageNet_21821,Ultrasound
OMNI_007094,Images/007094.png,What is visualized in this ultrasound image?,Myocardial infarction,thyroid nodule,Hepatic cyst,Splenomegaly,thyroid nodule,RadImageNet,RadImageNet_23380,Ultrasound
OMNI_007095,Images/007095.png,What part is shown in this ultrasound image?,Small intestine,common bile duct,Ureter,Pituitary gland,common bile duct,RadImageNet,RadImageNet_15699,Ultrasound
OMNI_007097,Images/007097.png,What part is shown in this ultrasound image?,Testicle,Large intestine,pancreas,Heart,pancreas,RadImageNet,RadImageNet_21540,Ultrasound
OMNI_007098,Images/007098.png,What structure is being depicted in this ultrasound image?,common bile duct,Large intestine,Appendix,Inferior vena cava,common bile duct,RadImageNet,RadImageNet_15837,Ultrasound
OMNI_007099,Images/007099.png,What is the organ being depicted in this ultrasound image?,thyroid,Muscle,Pancreas,Intestine,thyroid,RadImageNet,RadImageNet_22856,Ultrasound
OMNI_007100,Images/007100.png,What is being depicted in this ultrasound image?,Spleen,Bladder,Cecum,aorta,aorta,RadImageNet,RadImageNet_14906,Ultrasound
